model,repeat,p_pos,roc_auc,average_precision,study,info_scale
auc_model,0,0.02,0.6471107462513076,0.049706907677928576,imbalance,
ap_model,0,0.02,0.6478432911000037,0.050036934387711354,imbalance,
auc_model,1,0.02,0.6510206914403726,0.05699555654901687,imbalance,
ap_model,1,0.02,0.6524378234502989,0.05586274423705473,imbalance,
auc_model,2,0.02,0.6747401274946245,0.05231634115196818,imbalance,
ap_model,2,0.02,0.6770095166712091,0.05317098157935547,imbalance,
auc_model,3,0.02,0.6958653918055615,0.0543527796993259,imbalance,
ap_model,3,0.02,0.6960604204939784,0.05611703892030976,imbalance,
auc_model,4,0.02,0.7216031973345804,0.06751991405360104,imbalance,
ap_model,4,0.02,0.7198605915361234,0.06633530373190885,imbalance,
auc_model,5,0.02,0.6916072380507873,0.03773730323904269,imbalance,
ap_model,5,0.02,0.6933586376833479,0.037824954142793986,imbalance,
auc_model,6,0.02,0.6552893454187866,0.030136315517948757,imbalance,
ap_model,6,0.02,0.6561965560733679,0.030182375353282435,imbalance,
auc_model,7,0.02,0.7129384623638608,0.05844405224209112,imbalance,
ap_model,7,0.02,0.7129706529320242,0.05833036162275729,imbalance,
auc_model,8,0.02,0.6822608509040184,0.037103319196804485,imbalance,
ap_model,8,0.02,0.6827276141423896,0.037433032161762816,imbalance,
auc_model,9,0.02,0.6684913692897827,0.04787724515638168,imbalance,
ap_model,9,0.02,0.6687214246968112,0.04824937587311536,imbalance,
auc_model,10,0.02,0.6510488643208958,0.0383119770222039,imbalance,
ap_model,10,0.02,0.655382959498246,0.03956735013593636,imbalance,
auc_model,11,0.02,0.6513836579215624,0.030493283400055176,imbalance,
ap_model,11,0.02,0.6521594506143035,0.03008744829152314,imbalance,
auc_model,12,0.02,0.6521805504063316,0.04776098686587743,imbalance,
ap_model,12,0.02,0.655383422781136,0.04848109586385464,imbalance,
auc_model,13,0.02,0.6887845379066286,0.057860564285976135,imbalance,
ap_model,13,0.02,0.6880269257560109,0.05798341217668732,imbalance,
auc_model,14,0.02,0.690534513899548,0.042863709697182464,imbalance,
ap_model,14,0.02,0.6922975834277773,0.0433550576473925,imbalance,
auc_model,15,0.02,0.6478397930374176,0.04437977477783368,imbalance,
ap_model,15,0.02,0.6492532088477204,0.04486736308412292,imbalance,
auc_model,16,0.02,0.7091344161972841,0.046304995940168465,imbalance,
ap_model,16,0.02,0.7031542100933913,0.04632790741698018,imbalance,
auc_model,17,0.02,0.7016974880173017,0.0540930837161133,imbalance,
ap_model,17,0.02,0.7022728767243395,0.05446846620616158,imbalance,
auc_model,18,0.02,0.6702337722118307,0.054444139756622656,imbalance,
ap_model,18,0.02,0.6698529196866962,0.05372341321580874,imbalance,
auc_model,19,0.02,0.689676367532886,0.04047094279195017,imbalance,
ap_model,19,0.02,0.6903611474500987,0.04011231499374479,imbalance,
auc_model,20,0.02,0.6453915171288744,0.04315694539554914,imbalance,
ap_model,20,0.02,0.6446629452147907,0.04298532224330542,imbalance,
auc_model,21,0.02,0.6669974587746471,0.04257152471913146,imbalance,
ap_model,21,0.02,0.6697293275542612,0.04344903792714538,imbalance,
auc_model,22,0.02,0.6460637800160348,0.03505785896623726,imbalance,
ap_model,22,0.02,0.6435349207232498,0.03507467096276723,imbalance,
auc_model,23,0.02,0.6782673614068963,0.041753013359868835,imbalance,
ap_model,23,0.02,0.6796421709212407,0.04158408266044026,imbalance,
auc_model,24,0.02,0.6889489795918369,0.04908763733131766,imbalance,
ap_model,24,0.02,0.687695918367347,0.048916472395859105,imbalance,
auc_model,25,0.02,0.6264469387755103,0.040432737762171926,imbalance,
ap_model,25,0.02,0.6269775510204082,0.04058253599844059,imbalance,
auc_model,26,0.02,0.676028989736855,0.043931143821335845,imbalance,
ap_model,26,0.02,0.6743508925531398,0.04358866170531996,imbalance,
auc_model,27,0.02,0.6951009201250793,0.05802971689256581,imbalance,
ap_model,27,0.02,0.6971388251587046,0.057842961099064796,imbalance,
auc_model,28,0.02,0.6795790433280375,0.05408872799789114,imbalance,
ap_model,28,0.02,0.6774678824052417,0.05749377184317066,imbalance,
auc_model,29,0.02,0.6800724489795918,0.037183752486592815,imbalance,
ap_model,29,0.02,0.6802224489795917,0.03723224054709476,imbalance,
auc_model,30,0.02,0.64232885142138,0.054736832091585544,imbalance,
ap_model,30,0.02,0.6434531851495411,0.05463365122781756,imbalance,
auc_model,31,0.02,0.6534576053313801,0.05156785745290374,imbalance,
ap_model,31,0.02,0.6549899103058505,0.050735432164267444,imbalance,
auc_model,32,0.02,0.6437049828406931,0.04794949954861271,imbalance,
ap_model,32,0.02,0.6429377209347511,0.04790111852822659,imbalance,
auc_model,33,0.02,0.6964190252460226,0.041661737734248284,imbalance,
ap_model,33,0.02,0.696047575664029,0.04138127638584198,imbalance,
auc_model,34,0.02,0.6507101691764268,0.04315640210826183,imbalance,
ap_model,34,0.02,0.6560708310094814,0.04379394281381325,imbalance,
auc_model,35,0.02,0.6646826530612245,0.03611818666198724,imbalance,
ap_model,35,0.02,0.6637030612244899,0.036487708971611625,imbalance,
auc_model,36,0.02,0.665795580124035,0.03741735615250949,imbalance,
ap_model,36,0.02,0.6684504950858958,0.03829173511813818,imbalance,
auc_model,37,0.02,0.6257439889733002,0.03197340628353038,imbalance,
ap_model,37,0.02,0.6277033704595198,0.031823043781111324,imbalance,
auc_model,38,0.02,0.6798295873677999,0.05803723689438576,imbalance,
ap_model,38,0.02,0.6800236055448778,0.05806021910781684,imbalance,
auc_model,39,0.02,0.6653058189254507,0.05304479088985963,imbalance,
ap_model,39,0.02,0.6681734523145566,0.0548012461382878,imbalance,
auc_model,0,0.05,0.6907132374662894,0.12008363033908931,imbalance,
ap_model,0,0.05,0.6911956697828221,0.12032899325857141,imbalance,
auc_model,1,0.05,0.7082390973851297,0.13625425194359195,imbalance,
ap_model,1,0.05,0.7072592875991136,0.135731706494715,imbalance,
auc_model,2,0.05,0.6974657565672217,0.12412494554930052,imbalance,
ap_model,2,0.05,0.6971437041847397,0.1244629167767533,imbalance,
auc_model,3,0.05,0.7010351577793437,0.14236472938304223,imbalance,
ap_model,3,0.05,0.7018115261138517,0.1437259047029722,imbalance,
auc_model,4,0.05,0.7070935262211193,0.12013226255928161,imbalance,
ap_model,4,0.05,0.7077792764789842,0.1214623300002238,imbalance,
auc_model,5,0.05,0.7320220144711652,0.15377251754553267,imbalance,
ap_model,5,0.05,0.7300762772559795,0.15417352960377245,imbalance,
auc_model,6,0.05,0.6988086530713443,0.11966096563719206,imbalance,
ap_model,6,0.05,0.7011087005929875,0.12037920827753786,imbalance,
auc_model,7,0.05,0.7297233440884826,0.1492717677165603,imbalance,
ap_model,7,0.05,0.7285063140355929,0.1489167484938665,imbalance,
auc_model,8,0.05,0.7122900839664134,0.11657940841260075,imbalance,
ap_model,8,0.05,0.7113296922610266,0.11659465803788899,imbalance,
auc_model,9,0.05,0.7130376647154851,0.13647186301257258,imbalance,
ap_model,9,0.05,0.7124220955507654,0.13562457716142506,imbalance,
auc_model,10,0.05,0.7293079138417231,0.13168477239724427,imbalance,
ap_model,10,0.05,0.7300967215949798,0.13171621650898688,imbalance,
auc_model,11,0.05,0.7055237416109418,0.1251909604092478,imbalance,
ap_model,11,0.05,0.7031136432908961,0.12556782830115953,imbalance,
auc_model,12,0.05,0.7266956827384858,0.12232780272014235,imbalance,
ap_model,12,0.05,0.7262590069975717,0.1218881743697144,imbalance,
auc_model,13,0.05,0.7044859207304909,0.1309751638522888,imbalance,
ap_model,13,0.05,0.7022447948475506,0.129660003159889,imbalance,
auc_model,14,0.05,0.7393328063141018,0.1432394336462345,imbalance,
ap_model,14,0.05,0.7391179628886668,0.14291171976275335,imbalance,
auc_model,15,0.05,0.7256309498923253,0.15603164622430518,imbalance,
ap_model,15,0.05,0.7266085655222301,0.15554554546248037,imbalance,
auc_model,16,0.05,0.7128381429797227,0.1263778226556417,imbalance,
ap_model,16,0.05,0.7128572495562063,0.12646535601333875,imbalance,
auc_model,17,0.05,0.6700803735614371,0.10798469804982175,imbalance,
ap_model,17,0.05,0.6736552408107606,0.1083881399905858,imbalance,
auc_model,18,0.05,0.7260102343110155,0.14716883121377475,imbalance,
ap_model,18,0.05,0.7277426129965192,0.14785979703980381,imbalance,
auc_model,19,0.05,0.7251506177420121,0.1442443084656111,imbalance,
ap_model,19,0.05,0.7260152227800236,0.1441179468004169,imbalance,
auc_model,20,0.05,0.6716644782913166,0.10542042408977645,imbalance,
ap_model,20,0.05,0.6695982142857144,0.10504046026572458,imbalance,
auc_model,21,0.05,0.7060436329304406,0.11620588009120209,imbalance,
ap_model,21,0.05,0.7058833243646463,0.11639617180710196,imbalance,
auc_model,22,0.05,0.6871925056820338,0.12554959720479963,imbalance,
ap_model,22,0.05,0.6865574662274472,0.12441140860805351,imbalance,
auc_model,23,0.05,0.7337743776258857,0.14801040653820252,imbalance,
ap_model,23,0.05,0.7334123830643553,0.14816419417250815,imbalance,
auc_model,24,0.05,0.7393362265752056,0.14442611510895695,imbalance,
ap_model,24,0.05,0.7398545832420541,0.14396098306324304,imbalance,
auc_model,25,0.05,0.7294952303751057,0.12649073440972436,imbalance,
ap_model,25,0.05,0.731640620991822,0.12741761050587946,imbalance,
auc_model,26,0.05,0.7007076323580977,0.11896864746210747,imbalance,
ap_model,26,0.05,0.7021388038622735,0.11944763838497531,imbalance,
auc_model,27,0.05,0.7054266759151725,0.10944560099981622,imbalance,
ap_model,27,0.05,0.7069326586530668,0.11040146445511465,imbalance,
auc_model,28,0.05,0.7045312291574746,0.1265472188598004,imbalance,
ap_model,28,0.05,0.7057009758149748,0.12670125566190027,imbalance,
auc_model,29,0.05,0.7237103318097663,0.14505498358627578,imbalance,
ap_model,29,0.05,0.7240981543624161,0.1453325492573052,imbalance,
auc_model,30,0.05,0.7234636532757043,0.12030484784786494,imbalance,
ap_model,30,0.05,0.7241124637090612,0.12065126071038063,imbalance,
auc_model,31,0.05,0.7081690197987667,0.128158287552665,imbalance,
ap_model,31,0.05,0.708357676079195,0.12870135298827318,imbalance,
auc_model,32,0.05,0.7056496711370143,0.1347451588647519,imbalance,
ap_model,32,0.05,0.7064521618081135,0.13425146832058052,imbalance,
auc_model,33,0.05,0.7056908121538024,0.11057724929126247,imbalance,
ap_model,33,0.05,0.70396452790819,0.10939230572390271,imbalance,
auc_model,34,0.05,0.7179213302844305,0.12149742240629696,imbalance,
ap_model,34,0.05,0.7171377923536727,0.12168963033483882,imbalance,
auc_model,35,0.05,0.711239492707424,0.14186832147103548,imbalance,
ap_model,35,0.05,0.7098393377340539,0.14127120507227284,imbalance,
auc_model,36,0.05,0.7125415584795244,0.1367701067333238,imbalance,
ap_model,36,0.05,0.7115223625148493,0.13665388051757427,imbalance,
auc_model,37,0.05,0.7018380124894603,0.1399050884457783,imbalance,
ap_model,37,0.05,0.7019508194561552,0.13979332320551138,imbalance,
auc_model,38,0.05,0.7221656874572925,0.12639888374706437,imbalance,
ap_model,38,0.05,0.7227574634063408,0.1263723960530055,imbalance,
auc_model,39,0.05,0.7133845413165266,0.11418945531722484,imbalance,
ap_model,39,0.05,0.7154652485994398,0.11468762861316562,imbalance,
auc_model,0,0.1,0.6943066626307469,0.20521412368633601,imbalance,
ap_model,0,0.1,0.6983667978340564,0.21503295271417489,imbalance,
auc_model,1,0.1,0.719454842032967,0.22282278916133955,imbalance,
ap_model,1,0.1,0.7220606541895603,0.2289709619253895,imbalance,
auc_model,2,0.1,0.7251933171787452,0.21610836232456687,imbalance,
ap_model,2,0.1,0.7302553008381788,0.22055075989522854,imbalance,
auc_model,3,0.1,0.7303424665823012,0.2576808939660652,imbalance,
ap_model,3,0.1,0.7344922342316176,0.2554400983341862,imbalance,
auc_model,4,0.1,0.7048336859211326,0.2152041834738319,imbalance,
ap_model,4,0.1,0.7080506683307835,0.21984698046508827,imbalance,
auc_model,5,0.1,0.7118204425086316,0.2193153542842722,imbalance,
ap_model,5,0.1,0.7145377511346402,0.221854593738828,imbalance,
auc_model,6,0.1,0.7165029030817329,0.22825823602890963,imbalance,
ap_model,6,0.1,0.7230429652674035,0.24344335321249297,imbalance,
auc_model,7,0.1,0.7090601365094826,0.20331424716449326,imbalance,
ap_model,7,0.1,0.7132163883000058,0.20266573881015423,imbalance,
auc_model,8,0.1,0.7163448144865139,0.21681470471632935,imbalance,
ap_model,8,0.1,0.7204877379595627,0.21916373606133238,imbalance,
auc_model,9,0.1,0.7108805036339371,0.23283446582163453,imbalance,
ap_model,9,0.1,0.7149079587024321,0.23490857111600116,imbalance,
auc_model,10,0.1,0.6994432716068081,0.1942032830492647,imbalance,
ap_model,10,0.1,0.7036602192057686,0.20101080998380427,imbalance,
auc_model,11,0.1,0.7207875796358185,0.2331890103688843,imbalance,
ap_model,11,0.1,0.7268194100061776,0.2450664993750633,imbalance,
auc_model,12,0.1,0.6842313211969873,0.1911975585075567,imbalance,
ap_model,12,0.1,0.6883950257389727,0.1948148918212715,imbalance,
auc_model,13,0.1,0.706468425325229,0.22285056706056816,imbalance,
ap_model,13,0.1,0.7114440715196911,0.22525109140298083,imbalance,
auc_model,14,0.1,0.702357643410773,0.19947396283364158,imbalance,
ap_model,14,0.1,0.7047799091430729,0.20612419444500452,imbalance,
auc_model,15,0.1,0.7145424845861529,0.23704196469780658,imbalance,
ap_model,15,0.1,0.7222863542497228,0.2477352061676272,imbalance,
auc_model,16,0.1,0.7166670381680524,0.21336119611831503,imbalance,
ap_model,16,0.1,0.7222727618899019,0.22849255857379552,imbalance,
auc_model,17,0.1,0.7190634766731382,0.20923536061229178,imbalance,
ap_model,17,0.1,0.7239871946478141,0.2172812992086315,imbalance,
auc_model,18,0.1,0.7269483338760447,0.2462758229506768,imbalance,
ap_model,18,0.1,0.7288639758519276,0.255710496832971,imbalance,
auc_model,19,0.1,0.7187176240109967,0.21806820148211156,imbalance,
ap_model,19,0.1,0.7203881330432619,0.21718706181619638,imbalance,
auc_model,20,0.1,0.7111941716819765,0.222048346866859,imbalance,
ap_model,20,0.1,0.7149020317661433,0.22793168680423176,imbalance,
auc_model,21,0.1,0.728715583688258,0.23214929794647102,imbalance,
ap_model,21,0.1,0.7295118200754391,0.2352793964733954,imbalance,
auc_model,22,0.1,0.7154124982001939,0.23371273276977372,imbalance,
ap_model,22,0.1,0.7198376358094617,0.2423733042713797,imbalance,
auc_model,23,0.1,0.6941379645569796,0.20524172842190225,imbalance,
ap_model,23,0.1,0.6977575975018735,0.21879700806970676,imbalance,
auc_model,24,0.1,0.7153263085874871,0.2258235304354449,imbalance,
ap_model,24,0.1,0.7197984705494813,0.2322918354627411,imbalance,
auc_model,25,0.1,0.6944289334359022,0.1891188810350551,imbalance,
ap_model,25,0.1,0.6999434363545862,0.19368543426526236,imbalance,
auc_model,26,0.1,0.7138249590746232,0.19486768296531637,imbalance,
ap_model,26,0.1,0.7187987436681493,0.20666953044076702,imbalance,
auc_model,27,0.1,0.7127594948377581,0.21781545450150144,imbalance,
ap_model,27,0.1,0.7127329922566372,0.21416455936059514,imbalance,
auc_model,28,0.1,0.6959915690631914,0.2277030034055626,imbalance,
ap_model,28,0.1,0.7007959632004552,0.2369386338793895,imbalance,
auc_model,29,0.1,0.7171528320796484,0.22084687135719724,imbalance,
ap_model,29,0.1,0.7182731087346776,0.22500425233505134,imbalance,
auc_model,30,0.1,0.7112205223027186,0.23292204279960696,imbalance,
ap_model,30,0.1,0.7157739565074052,0.2415414650568081,imbalance,
auc_model,31,0.1,0.6989407323428478,0.22750856513614146,imbalance,
ap_model,31,0.1,0.7015359975931915,0.2374795727687447,imbalance,
auc_model,32,0.1,0.7004563819028404,0.21105160926830085,imbalance,
ap_model,32,0.1,0.7021592579473254,0.21541558850327136,imbalance,
auc_model,33,0.1,0.7299258561113793,0.257399821053647,imbalance,
ap_model,33,0.1,0.7350087844526737,0.2588716532727534,imbalance,
auc_model,34,0.1,0.7245675280854663,0.2340067645602117,imbalance,
ap_model,34,0.1,0.7255715466189231,0.24039487380727398,imbalance,
auc_model,35,0.1,0.6971819104479704,0.20151968970414152,imbalance,
ap_model,35,0.1,0.7041428856900456,0.20547887466277107,imbalance,
auc_model,36,0.1,0.7118159792926873,0.20689221042539788,imbalance,
ap_model,36,0.1,0.7197332885398575,0.21737313681765727,imbalance,
auc_model,37,0.1,0.7054819130499591,0.19679701853182646,imbalance,
ap_model,37,0.1,0.7104010831605432,0.19726650226865966,imbalance,
auc_model,38,0.1,0.7515769368905898,0.2544966997164628,imbalance,
ap_model,38,0.1,0.7503964488680483,0.26636730635042705,imbalance,
auc_model,39,0.1,0.6853454091614383,0.18838911483799503,imbalance,
ap_model,39,0.1,0.6874973789818963,0.19560299302867568,imbalance,
auc_model,0,0.2,0.7405298614001273,0.43438519250124363,imbalance,
ap_model,0,0.2,0.7394066337458763,0.4327641687645516,imbalance,
auc_model,1,0.2,0.7367501616591906,0.44703636801356866,imbalance,
ap_model,1,0.2,0.7357651913486056,0.44731951512563217,imbalance,
auc_model,2,0.2,0.7358812034709414,0.4246278139268197,imbalance,
ap_model,2,0.2,0.733514754083705,0.4237810159588669,imbalance,
auc_model,3,0.2,0.7287966181978326,0.3970407415761209,imbalance,
ap_model,3,0.2,0.7267569794793336,0.3984799085031586,imbalance,
auc_model,4,0.2,0.7294292248490094,0.40665044463238664,imbalance,
ap_model,4,0.2,0.7267341672727794,0.40478261157194123,imbalance,
auc_model,5,0.2,0.749446138954174,0.4446366184184678,imbalance,
ap_model,5,0.2,0.7463653460599555,0.4491211069098182,imbalance,
auc_model,6,0.2,0.7207528618979503,0.4266040286780569,imbalance,
ap_model,6,0.2,0.7201857384541626,0.4261715107218398,imbalance,
auc_model,7,0.2,0.7469124532517121,0.41688313879063965,imbalance,
ap_model,7,0.2,0.7457343913706904,0.41520998650997076,imbalance,
auc_model,8,0.2,0.7292301885193749,0.41874019681433683,imbalance,
ap_model,8,0.2,0.7275696346679441,0.4192269762052022,imbalance,
auc_model,9,0.2,0.7290096396558134,0.4346206197309031,imbalance,
ap_model,9,0.2,0.7255956357650264,0.43333114593495337,imbalance,
auc_model,10,0.2,0.7454038949354593,0.4051640855997477,imbalance,
ap_model,10,0.2,0.7409740098133547,0.40721352216721984,imbalance,
auc_model,11,0.2,0.7321399769283405,0.40915831391209356,imbalance,
ap_model,11,0.2,0.7322450340080758,0.4108235413799288,imbalance,
auc_model,12,0.2,0.7253757659925839,0.4186991789188439,imbalance,
ap_model,12,0.2,0.7227404695318932,0.4200978844867878,imbalance,
auc_model,13,0.2,0.7374043722365367,0.43069956635437956,imbalance,
ap_model,13,0.2,0.7345950581718993,0.43192668639698223,imbalance,
auc_model,14,0.2,0.740154411949923,0.43782736689860047,imbalance,
ap_model,14,0.2,0.7420835537419079,0.439181144592371,imbalance,
auc_model,15,0.2,0.7291268988535439,0.4397038699486362,imbalance,
ap_model,15,0.2,0.7278022972936931,0.4383645407029229,imbalance,
auc_model,16,0.2,0.7279876413441632,0.4117495748047852,imbalance,
ap_model,16,0.2,0.7284122949514255,0.4185336301257372,imbalance,
auc_model,17,0.2,0.7303641149651124,0.4068171843607703,imbalance,
ap_model,17,0.2,0.7289367490364996,0.4083875641701382,imbalance,
auc_model,18,0.2,0.7375096916461574,0.4370757595041437,imbalance,
ap_model,18,0.2,0.7384944304464425,0.44235959665902835,imbalance,
auc_model,19,0.2,0.738492236494353,0.44284431298773097,imbalance,
ap_model,19,0.2,0.7344958417504528,0.44239441571757065,imbalance,
auc_model,20,0.2,0.7492797498006688,0.43265630402834576,imbalance,
ap_model,20,0.2,0.7458599056807858,0.4290944321431117,imbalance,
auc_model,21,0.2,0.7330857658745048,0.42826291570520947,imbalance,
ap_model,21,0.2,0.7332906037185534,0.43464293047925306,imbalance,
auc_model,22,0.2,0.7468490390186152,0.43251836076072714,imbalance,
ap_model,22,0.2,0.7433286732663291,0.4291937624589425,imbalance,
auc_model,23,0.2,0.7254616140576424,0.40561991541864906,imbalance,
ap_model,23,0.2,0.7225026113937116,0.40537442128816203,imbalance,
auc_model,24,0.2,0.7258381101268021,0.40549663599486574,imbalance,
ap_model,24,0.2,0.7217123253678752,0.405689883857973,imbalance,
auc_model,25,0.2,0.72828978250665,0.430699788395078,imbalance,
ap_model,25,0.2,0.7250802661194228,0.4312134033327395,imbalance,
auc_model,26,0.2,0.735858518991049,0.41354920213885404,imbalance,
ap_model,26,0.2,0.7334932888396744,0.4120381534296197,imbalance,
auc_model,27,0.2,0.7318520055204643,0.43071029644635883,imbalance,
ap_model,27,0.2,0.7308577803439361,0.42960864383438513,imbalance,
auc_model,28,0.2,0.7238745689760582,0.4344263762719217,imbalance,
ap_model,28,0.2,0.7213770756401163,0.4324771009167216,imbalance,
auc_model,29,0.2,0.7278527160523734,0.4031443051997543,imbalance,
ap_model,29,0.2,0.7282397981485363,0.40890134147889956,imbalance,
auc_model,30,0.2,0.7418258475963729,0.41974328340463724,imbalance,
ap_model,30,0.2,0.7417773945738735,0.42138942328862794,imbalance,
auc_model,31,0.2,0.7175865788143463,0.42318086338775107,imbalance,
ap_model,31,0.2,0.7176915206053267,0.42170508108644883,imbalance,
auc_model,32,0.2,0.7393889127578627,0.42132805241235444,imbalance,
ap_model,32,0.2,0.7356047048860828,0.41893981798372604,imbalance,
auc_model,33,0.2,0.7462220709887283,0.42358702705769724,imbalance,
ap_model,33,0.2,0.7473546541765592,0.42557935512230427,imbalance,
auc_model,34,0.2,0.7206954386680087,0.40129402298280403,imbalance,
ap_model,34,0.2,0.7207601567019492,0.40318108223922466,imbalance,
auc_model,35,0.2,0.7334481229677801,0.42193893452816383,imbalance,
ap_model,35,0.2,0.7323695684303873,0.42201391163337254,imbalance,
auc_model,36,0.2,0.719719824968419,0.40781548532638334,imbalance,
ap_model,36,0.2,0.7182502206620671,0.40830045874496146,imbalance,
auc_model,37,0.2,0.7388595155221437,0.42305441885129114,imbalance,
ap_model,37,0.2,0.7349672694471057,0.4299682501543269,imbalance,
auc_model,38,0.2,0.7309076465702972,0.4346155201188525,imbalance,
ap_model,38,0.2,0.7275552008232731,0.43496051111676437,imbalance,
auc_model,39,0.2,0.7241264300020532,0.41925819489734184,imbalance,
ap_model,39,0.2,0.7228022374471678,0.419228162341139,imbalance,
auc_model,0,0.35,0.7349817447140148,0.5976605249762043,imbalance,
ap_model,0,0.35,0.7337873153293575,0.589904948388979,imbalance,
auc_model,1,0.35,0.7209484055530871,0.5677480956496388,imbalance,
ap_model,1,0.35,0.7202665289095147,0.5616381538565448,imbalance,
auc_model,2,0.35,0.7371131459796815,0.6035977494262528,imbalance,
ap_model,2,0.35,0.737471438422151,0.600153532413867,imbalance,
auc_model,3,0.35,0.7246794207557428,0.5833190869320584,imbalance,
ap_model,3,0.35,0.7247381305568871,0.5784738189311844,imbalance,
auc_model,4,0.35,0.7437778098644061,0.6181283603518356,imbalance,
ap_model,4,0.35,0.7428522675829492,0.6131158653937164,imbalance,
auc_model,5,0.35,0.7290955092606637,0.5815195280814507,imbalance,
ap_model,5,0.35,0.7279851538693283,0.5745631799880077,imbalance,
auc_model,6,0.35,0.7367837060095046,0.583731873255394,imbalance,
ap_model,6,0.35,0.7368206149384164,0.5803831420429891,imbalance,
auc_model,7,0.35,0.7312987007315209,0.5844394398374525,imbalance,
ap_model,7,0.35,0.7314573206681951,0.5801563165673067,imbalance,
auc_model,8,0.35,0.7335988003392115,0.5831089571161241,imbalance,
ap_model,8,0.35,0.7331861180273196,0.5780470874897066,imbalance,
auc_model,9,0.35,0.735867956043956,0.5939730846175582,imbalance,
ap_model,9,0.35,0.7349897142857142,0.5852590921033743,imbalance,
auc_model,10,0.35,0.7314056481900235,0.5927505924075352,imbalance,
ap_model,10,0.35,0.7296296087245183,0.5891471643702153,imbalance,
auc_model,11,0.35,0.7336158899424616,0.5867869268864252,imbalance,
ap_model,11,0.35,0.7331782682745759,0.5832430250346573,imbalance,
auc_model,12,0.35,0.7482553371870049,0.6233677331666625,imbalance,
ap_model,12,0.35,0.7476993657537554,0.6206256212811692,imbalance,
auc_model,13,0.35,0.7461802101583912,0.5995178610809941,imbalance,
ap_model,13,0.35,0.745882316596864,0.5950019612884216,imbalance,
auc_model,14,0.35,0.7460561702587152,0.5987950830132674,imbalance,
ap_model,14,0.35,0.7457489222788708,0.5932018149269529,imbalance,
auc_model,15,0.35,0.7423904487829583,0.5923243691282073,imbalance,
ap_model,15,0.35,0.7401376149650036,0.5843737013800827,imbalance,
auc_model,16,0.35,0.7234210695004848,0.5828977793772518,imbalance,
ap_model,16,0.35,0.7222671482992583,0.5768086130294632,imbalance,
auc_model,17,0.35,0.7389978080642025,0.5914861700974541,imbalance,
ap_model,17,0.35,0.7390348411730392,0.5856364494479784,imbalance,
auc_model,18,0.35,0.7309844607620999,0.5712694956421421,imbalance,
ap_model,18,0.35,0.7306448576118713,0.5720382395294965,imbalance,
auc_model,19,0.35,0.7491584617340666,0.6088100845904765,imbalance,
ap_model,19,0.35,0.7485193397491784,0.6050911048274745,imbalance,
auc_model,20,0.35,0.7323701650410648,0.5758233317377437,imbalance,
ap_model,20,0.35,0.7316607922281214,0.5715494870640381,imbalance,
auc_model,21,0.35,0.7293711180124224,0.5917261586425513,imbalance,
ap_model,21,0.35,0.7292301451601648,0.5865091002424581,imbalance,
auc_model,22,0.35,0.7276837622251124,0.5855708787406573,imbalance,
ap_model,22,0.35,0.7262427927661319,0.5812744161806466,imbalance,
auc_model,23,0.35,0.7317709515031197,0.5763338842934779,imbalance,
ap_model,23,0.35,0.7318609082529779,0.5776390255588653,imbalance,
auc_model,24,0.35,0.7462761381729078,0.622631774359914,imbalance,
ap_model,24,0.35,0.7441318456626775,0.6217197529012701,imbalance,
auc_model,25,0.35,0.7417860422920121,0.6067120965974115,imbalance,
ap_model,25,0.35,0.7418709189216433,0.6031726598492957,imbalance,
auc_model,26,0.35,0.7332338254937292,0.5779679797081727,imbalance,
ap_model,26,0.35,0.732061387249321,0.5756539853161665,imbalance,
auc_model,27,0.35,0.7324328226596242,0.5895052798758924,imbalance,
ap_model,27,0.35,0.7317301477576668,0.5862114244962577,imbalance,
auc_model,28,0.35,0.7333062033490432,0.5973598903445209,imbalance,
ap_model,28,0.35,0.7322337523676316,0.5911057951348785,imbalance,
auc_model,29,0.35,0.7413834515072988,0.6098505597766299,imbalance,
ap_model,29,0.35,0.7404219128771841,0.6053864663672105,imbalance,
auc_model,30,0.35,0.735021056389814,0.5763929049045687,imbalance,
ap_model,30,0.35,0.7352064044360025,0.572649972933723,imbalance,
auc_model,31,0.35,0.7530785107888096,0.614285635709437,imbalance,
ap_model,31,0.35,0.7521798815008213,0.611181439063082,imbalance,
auc_model,32,0.35,0.7277012753880371,0.5923368863525946,imbalance,
ap_model,32,0.35,0.726406565646528,0.5904665586369735,imbalance,
auc_model,33,0.35,0.7372680032809745,0.6017053079903145,imbalance,
ap_model,33,0.35,0.7357589508012887,0.5981265365425013,imbalance,
auc_model,34,0.35,0.7344054185451299,0.5859572424606225,imbalance,
ap_model,34,0.35,0.7342202946385727,0.5829133291992691,imbalance,
auc_model,35,0.35,0.7459676496563341,0.5919818683953992,imbalance,
ap_model,35,0.35,0.7446987808299627,0.5898118341272737,imbalance,
auc_model,36,0.35,0.7380125153562653,0.6043234494157054,imbalance,
ap_model,36,0.35,0.7373471945934675,0.5961936107597648,imbalance,
auc_model,37,0.35,0.7439289068467067,0.6120988223273001,imbalance,
ap_model,37,0.35,0.7434995068786807,0.6074267504519656,imbalance,
auc_model,38,0.35,0.7304391208791208,0.5878445878150669,imbalance,
ap_model,38,0.35,0.730306989010989,0.5837790943885907,imbalance,
auc_model,39,0.35,0.7341162283059021,0.5975119835600543,imbalance,
ap_model,39,0.35,0.7335778057864042,0.5902177660623547,imbalance,
auc_model,0,0.5,0.7333059020644497,0.7186323615025421,imbalance,
ap_model,0,0.5,0.7300262306508347,0.7224559027172444,imbalance,
auc_model,1,0.5,0.7399272041171212,0.7078663678715899,imbalance,
ap_model,1,0.5,0.7402229733924456,0.7163883022926327,imbalance,
auc_model,2,0.5,0.7369754814126263,0.7296501691783719,imbalance,
ap_model,2,0.5,0.735047124272652,0.7362923839012103,imbalance,
auc_model,3,0.5,0.7374540865601545,0.7143423100061128,imbalance,
ap_model,3,0.5,0.7362406085054827,0.7198238800714661,imbalance,
auc_model,4,0.5,0.7317436633079656,0.7088327888707283,imbalance,
ap_model,4,0.5,0.73092143122792,0.7123946353172281,imbalance,
auc_model,5,0.5,0.726884867445461,0.7143784175504471,imbalance,
ap_model,5,0.5,0.7251078705118276,0.7205989241306993,imbalance,
auc_model,6,0.5,0.7469075001292025,0.721343699748695,imbalance,
ap_model,6,0.5,0.7476555146107627,0.7313668843056635,imbalance,
auc_model,7,0.5,0.742072756206727,0.7213063151995879,imbalance,
ap_model,7,0.5,0.7406469405495923,0.7312058375600432,imbalance,
auc_model,8,0.5,0.7397596455650587,0.7066105034656731,imbalance,
ap_model,8,0.5,0.7362696384906335,0.713341080924508,imbalance,
auc_model,9,0.5,0.7271980798079808,0.7170877344883931,imbalance,
ap_model,9,0.5,0.7277558955895589,0.7255920450540483,imbalance,
auc_model,10,0.5,0.7468282530737704,0.7200516157920194,imbalance,
ap_model,10,0.5,0.7443900486680328,0.7231570743952236,imbalance,
auc_model,11,0.5,0.743622574490298,0.7219996186101847,imbalance,
ap_model,11,0.5,0.741437285749143,0.7267504856545355,imbalance,
auc_model,12,0.5,0.7491840939836627,0.7304365774204373,imbalance,
ap_model,12,0.5,0.7465008067394325,0.7378528440655343,imbalance,
auc_model,13,0.5,0.7494863838929989,0.7186101766985012,imbalance,
ap_model,13,0.5,0.7491326127987374,0.7247404614592977,imbalance,
auc_model,14,0.5,0.753800460807373,0.7329030606358643,imbalance,
ap_model,14,0.5,0.7523607577721243,0.7434880202741055,imbalance,
auc_model,15,0.5,0.7297754578899343,0.7149920747663441,imbalance,
ap_model,15,0.5,0.7269644614594206,0.7183600591458456,imbalance,
auc_model,16,0.5,0.7453140394867115,0.7295301630394601,imbalance,
ap_model,16,0.5,0.7426561108035972,0.7253526173376651,imbalance,
auc_model,17,0.5,0.7386033981765437,0.7117647240973095,imbalance,
ap_model,17,0.5,0.7361881977901117,0.718972508005663,imbalance,
auc_model,18,0.5,0.7272652215479758,0.709734775609155,imbalance,
ap_model,18,0.5,0.726170622142397,0.7112999712126471,imbalance,
auc_model,19,0.5,0.7376910273723688,0.72194037062692,imbalance,
ap_model,19,0.5,0.7359161144617596,0.7276667679922776,imbalance,
auc_model,20,0.5,0.7428467039181588,0.7135620621519707,imbalance,
ap_model,20,0.5,0.7419349367699043,0.7269105428846944,imbalance,
auc_model,21,0.5,0.7372971248286455,0.7209776117498644,imbalance,
ap_model,21,0.5,0.7349514062870283,0.7254673194318213,imbalance,
auc_model,22,0.5,0.7468368928793712,0.7353476965192625,imbalance,
ap_model,22,0.5,0.7454043340786674,0.7377686041317016,imbalance,
auc_model,23,0.5,0.748930561500214,0.7249243086355717,imbalance,
ap_model,23,0.5,0.748199095167426,0.7310891143863996,imbalance,
auc_model,24,0.5,0.7395760994895473,0.7080409292313294,imbalance,
ap_model,24,0.5,0.7378569499101635,0.7171761697314816,imbalance,
auc_model,25,0.5,0.7362881248975999,0.7137423532332323,imbalance,
ap_model,25,0.5,0.7355914831141968,0.7206268394035965,imbalance,
auc_model,26,0.5,0.7314167287643816,0.707794859263355,imbalance,
ap_model,26,0.5,0.7290800838907193,0.7098708268636384,imbalance,
auc_model,27,0.5,0.7393469548818234,0.7110548060805446,imbalance,
ap_model,27,0.5,0.7358537265799563,0.7139609953419737,imbalance,
auc_model,28,0.5,0.7332702123233972,0.7137257795011598,imbalance,
ap_model,28,0.5,0.7315665050640809,0.7192556805016193,imbalance,
auc_model,29,0.5,0.7325783913565426,0.7090800996966311,imbalance,
ap_model,29,0.5,0.7300585834333733,0.7157386738472853,imbalance,
auc_model,30,0.5,0.7325945565506541,0.7141572034338677,imbalance,
ap_model,30,0.5,0.7296000303486299,0.7193529736795699,imbalance,
auc_model,31,0.5,0.7291235577652346,0.7031863364905795,imbalance,
ap_model,31,0.5,0.7274617916192775,0.7103128234947946,imbalance,
auc_model,32,0.5,0.7456039079147659,0.7247705182365324,imbalance,
ap_model,32,0.5,0.7459084136881345,0.7310146411390476,imbalance,
auc_model,33,0.5,0.7432515701613971,0.7141717013546987,imbalance,
ap_model,33,0.5,0.7420637485847267,0.7238707253770573,imbalance,
auc_model,34,0.5,0.7372980412964394,0.7042248070262875,imbalance,
ap_model,34,0.5,0.7356837498291321,0.7109806821174486,imbalance,
auc_model,35,0.5,0.7273991284153044,0.686008415192084,imbalance,
ap_model,35,0.5,0.7269164363728275,0.6985259807612358,imbalance,
auc_model,36,0.5,0.7407511320181123,0.7132010031571662,imbalance,
ap_model,36,0.5,0.740933774940399,0.7209364847256878,imbalance,
auc_model,37,0.5,0.7437953798179997,0.732163139894117,imbalance,
ap_model,37,0.5,0.7420413059109057,0.736045269777891,imbalance,
auc_model,38,0.5,0.737324027945604,0.7038048959832596,imbalance,
ap_model,38,0.5,0.7373345081870687,0.7177762732333126,imbalance,
auc_model,39,0.5,0.7338375395767924,0.7165648572464567,imbalance,
ap_model,39,0.5,0.7313714455691994,0.7176661732770819,imbalance,
auc_model,0,,0.5144975390437582,0.10783514336479405,feature_info,0.1
ap_model,0,,0.5144975390437582,0.10783514336479405,feature_info,0.1
auc_model,1,,0.4822827347698856,0.09940600878400742,feature_info,0.1
ap_model,1,,0.4822827347698856,0.09940600878400742,feature_info,0.1
auc_model,2,,0.5000002210442039,0.10604673310556237,feature_info,0.1
ap_model,2,,0.5000002210442039,0.10604673310556237,feature_info,0.1
auc_model,3,,0.5037668161434977,0.10820749747375366,feature_info,0.1
ap_model,3,,0.5037668161434977,0.10820749747375366,feature_info,0.1
auc_model,4,,0.5144060376281194,0.11209809420377415,feature_info,0.1
ap_model,4,,0.5144060376281194,0.11209809420377415,feature_info,0.1
auc_model,5,,0.49274212193589406,0.09067266826085457,feature_info,0.1
ap_model,5,,0.49274212193589406,0.09067266826085457,feature_info,0.1
auc_model,6,,0.5007649717983674,0.09787162461916674,feature_info,0.1
ap_model,6,,0.5007649717983674,0.09787162461916674,feature_info,0.1
auc_model,7,,0.48850070819821906,0.09586777076286927,feature_info,0.1
ap_model,7,,0.48850070819821906,0.09586777076286927,feature_info,0.1
auc_model,8,,0.4914337435745354,0.10166959122865989,feature_info,0.1
ap_model,8,,0.4914337435745354,0.10166959122865989,feature_info,0.1
auc_model,9,,0.5175468450485956,0.10082509760211356,feature_info,0.1
ap_model,9,,0.5175468450485956,0.10082509760211356,feature_info,0.1
auc_model,10,,0.5023369081828134,0.09226842780158627,feature_info,0.1
ap_model,10,,0.5023369081828134,0.09226842780158627,feature_info,0.1
auc_model,11,,0.489863356297381,0.09399127358049038,feature_info,0.1
ap_model,11,,0.489863356297381,0.09399127358049038,feature_info,0.1
auc_model,12,,0.4825478969390002,0.09006155687751805,feature_info,0.1
ap_model,12,,0.4825478969390002,0.09006155687751805,feature_info,0.1
auc_model,13,,0.49343436928430096,0.09982847939160405,feature_info,0.1
ap_model,13,,0.49343436928430096,0.09982847939160405,feature_info,0.1
auc_model,14,,0.5097157489340202,0.10279812384090567,feature_info,0.1
ap_model,14,,0.5097157489340202,0.10279812384090567,feature_info,0.1
auc_model,15,,0.49560473596758275,0.10369234533284322,feature_info,0.1
ap_model,15,,0.49560473596758275,0.10369234533284322,feature_info,0.1
auc_model,16,,0.47437434543285095,0.09677173928218877,feature_info,0.1
ap_model,16,,0.47437434543285095,0.09677173928218877,feature_info,0.1
auc_model,17,,0.49465765303728,0.10295174124583427,feature_info,0.1
ap_model,17,,0.49465765303728,0.10295174124583427,feature_info,0.1
auc_model,18,,0.48367423592032965,0.09878509645771641,feature_info,0.1
ap_model,18,,0.48367423592032965,0.09878509645771641,feature_info,0.1
auc_model,19,,0.4812140321726267,0.09534530997886878,feature_info,0.1
ap_model,19,,0.4812140321726267,0.09534530997886878,feature_info,0.1
auc_model,20,,0.5243810999690816,0.11115549599545917,feature_info,0.1
ap_model,20,,0.5243810999690816,0.11115549599545917,feature_info,0.1
auc_model,21,,0.5109075404280915,0.09999185765087276,feature_info,0.1
ap_model,21,,0.5109075404280915,0.09999185765087276,feature_info,0.1
auc_model,22,,0.5110332788075702,0.10026693495238982,feature_info,0.1
ap_model,22,,0.5110332788075702,0.10026693495238982,feature_info,0.1
auc_model,23,,0.49304807447788285,0.09741809757003395,feature_info,0.1
ap_model,23,,0.49304807447788285,0.09741809757003395,feature_info,0.1
auc_model,24,,0.4789220478789354,0.09306857198416577,feature_info,0.1
ap_model,24,,0.4789220478789354,0.09306857198416577,feature_info,0.1
auc_model,25,,0.5071673875761536,0.10275550526841307,feature_info,0.1
ap_model,25,,0.5071673875761536,0.10275550526841307,feature_info,0.1
auc_model,26,,0.49320931901603554,0.10296449285014406,feature_info,0.1
ap_model,26,,0.49320931901603554,0.10296449285014406,feature_info,0.1
auc_model,27,,0.48426290680268835,0.1008106718481423,feature_info,0.1
ap_model,27,,0.48426290680268835,0.1008106718481423,feature_info,0.1
auc_model,28,,0.49640804114134934,0.10606950964222575,feature_info,0.1
ap_model,28,,0.49640804114134934,0.10606950964222575,feature_info,0.1
auc_model,29,,0.5003974901076029,0.10520936865156975,feature_info,0.1
ap_model,29,,0.5003974901076029,0.10520936865156975,feature_info,0.1
auc_model,30,,0.49235279099752444,0.0944343814008139,feature_info,0.1
ap_model,30,,0.49235279099752444,0.0944343814008139,feature_info,0.1
auc_model,31,,0.4765696435535242,0.09370969376459218,feature_info,0.1
ap_model,31,,0.4765696435535242,0.09370969376459218,feature_info,0.1
auc_model,32,,0.521658132149951,0.10711156095397797,feature_info,0.1
ap_model,32,,0.521658132149951,0.10711156095397797,feature_info,0.1
auc_model,33,,0.5308650052339158,0.10809712927958391,feature_info,0.1
ap_model,33,,0.5308650052339158,0.10809712927958391,feature_info,0.1
auc_model,34,,0.5116762179867206,0.1016670159597046,feature_info,0.1
ap_model,34,,0.5116762179867206,0.1016670159597046,feature_info,0.1
auc_model,35,,0.4964455207183715,0.10178112376884581,feature_info,0.1
ap_model,35,,0.4964455207183715,0.10178112376884581,feature_info,0.1
auc_model,36,,0.4775229866298798,0.08057597027401973,feature_info,0.1
ap_model,36,,0.4775229866298798,0.08057597027401973,feature_info,0.1
auc_model,37,,0.4859532266189243,0.09415879481560281,feature_info,0.1
ap_model,37,,0.4859532266189243,0.09415879481560281,feature_info,0.1
auc_model,38,,0.5132546686311452,0.10764525944375286,feature_info,0.1
ap_model,38,,0.5132546686311452,0.10764525944375286,feature_info,0.1
auc_model,39,,0.4837546567948097,0.10045858680402722,feature_info,0.1
ap_model,39,,0.4837546567948097,0.10045858680402722,feature_info,0.1
auc_model,0,,0.5533907108063153,0.1263535084364697,feature_info,0.3
ap_model,0,,0.5552062569305101,0.12542545665702176,feature_info,0.3
auc_model,1,,0.5457275570518413,0.11665014558710475,feature_info,0.3
ap_model,1,,0.5505139170631883,0.11912552647187812,feature_info,0.3
auc_model,2,,0.5507726609869302,0.11802477740680357,feature_info,0.3
ap_model,2,,0.5552567987353223,0.11994012643668993,feature_info,0.3
auc_model,3,,0.5586500849649858,0.12311232010586023,feature_info,0.3
ap_model,3,,0.5675871026398676,0.12727082477053592,feature_info,0.3
auc_model,4,,0.562981985932654,0.11232471390415577,feature_info,0.3
ap_model,4,,0.5655335079025494,0.11354841493978693,feature_info,0.3
auc_model,5,,0.5674706092219927,0.12773079114891686,feature_info,0.3
ap_model,5,,0.5727208972024304,0.13177592136089106,feature_info,0.3
auc_model,6,,0.5463893092971894,0.1135213029550428,feature_info,0.3
ap_model,6,,0.5489974102848686,0.11240023667350216,feature_info,0.3
auc_model,7,,0.547632452365773,0.1165698528741863,feature_info,0.3
ap_model,7,,0.5506996675686191,0.11766905153756047,feature_info,0.3
auc_model,8,,0.5524679476201894,0.11288628743420129,feature_info,0.3
ap_model,8,,0.5544434930529393,0.11465715778471224,feature_info,0.3
auc_model,9,,0.5254134969264315,0.11625600932836672,feature_info,0.3
ap_model,9,,0.5364229339408988,0.12017507527102438,feature_info,0.3
auc_model,10,,0.5467288250289194,0.11154681450189169,feature_info,0.3
ap_model,10,,0.5574274710849798,0.11260796950795338,feature_info,0.3
auc_model,11,,0.541578555679494,0.11856873434261928,feature_info,0.3
ap_model,11,,0.545811569413532,0.12014115915937248,feature_info,0.3
auc_model,12,,0.5378380977746212,0.11364263475657077,feature_info,0.3
ap_model,12,,0.5425927473262032,0.1144372324609188,feature_info,0.3
auc_model,13,,0.5456493890421757,0.12165449625179899,feature_info,0.3
ap_model,13,,0.5536496258877387,0.1233138944711494,feature_info,0.3
auc_model,14,,0.5535542858316264,0.12146580238710297,feature_info,0.3
ap_model,14,,0.5564888111995812,0.12119169379977171,feature_info,0.3
auc_model,15,,0.5230693656160734,0.10660028852380006,feature_info,0.3
ap_model,15,,0.5270197227571625,0.10940742171742741,feature_info,0.3
auc_model,16,,0.523896340339233,0.09935940804642168,feature_info,0.3
ap_model,16,,0.5238119929941003,0.09854812359625584,feature_info,0.3
auc_model,17,,0.5269335555555555,0.10535364312840964,feature_info,0.3
ap_model,17,,0.530602,0.10604812730954254,feature_info,0.3
auc_model,18,,0.5277672954279584,0.10818550737869309,feature_info,0.3
ap_model,18,,0.54060959656131,0.11095119261686605,feature_info,0.3
auc_model,19,,0.5408470532184918,0.12018730692205848,feature_info,0.3
ap_model,19,,0.5486560897886559,0.1203838351214912,feature_info,0.3
auc_model,20,,0.5199228970892021,0.09802744819845391,feature_info,0.3
ap_model,20,,0.529208833059113,0.1000072359454504,feature_info,0.3
auc_model,21,,0.5345869447901409,0.11428215738073164,feature_info,0.3
ap_model,21,,0.5403367878500864,0.11423683230184403,feature_info,0.3
auc_model,22,,0.5335645510513246,0.11701510502928097,feature_info,0.3
ap_model,22,,0.5365647721781073,0.11758370644069538,feature_info,0.3
auc_model,23,,0.5626212654532967,0.11944767943056968,feature_info,0.3
ap_model,23,,0.5623529790521978,0.11901953487408398,feature_info,0.3
auc_model,24,,0.5378803642448202,0.11226612648780691,feature_info,0.3
ap_model,24,,0.5408365554048975,0.11167329533342865,feature_info,0.3
auc_model,25,,0.545592,0.1087167700465303,feature_info,0.3
ap_model,25,,0.5534191111111111,0.11070026559727389,feature_info,0.3
auc_model,26,,0.5362185612677102,0.1079532497510121,feature_info,0.3
ap_model,26,,0.5438417188980603,0.10956581683615338,feature_info,0.3
auc_model,27,,0.541976687104754,0.11117414061191414,feature_info,0.3
ap_model,27,,0.5478232451502513,0.11421244743978379,feature_info,0.3
auc_model,28,,0.5301078913178557,0.10732824416530598,feature_info,0.3
ap_model,28,,0.5359892214596396,0.10825542862279361,feature_info,0.3
auc_model,29,,0.5397395809765148,0.1114405988811936,feature_info,0.3
ap_model,29,,0.5476035114711073,0.11359847946728499,feature_info,0.3
auc_model,30,,0.5326673087050303,0.10564258582131224,feature_info,0.3
ap_model,30,,0.5392964449830834,0.10872811657303892,feature_info,0.3
auc_model,31,,0.5510558603463392,0.12164856500673597,feature_info,0.3
ap_model,31,,0.5552815806752467,0.12183912650001906,feature_info,0.3
auc_model,32,,0.5550011335408755,0.1174129189167715,feature_info,0.3
ap_model,32,,0.5652637822820684,0.11987863389139615,feature_info,0.3
auc_model,33,,0.5617449629074549,0.11546991058908657,feature_info,0.3
ap_model,33,,0.5636117721584002,0.11696777210218035,feature_info,0.3
auc_model,34,,0.5379082222222222,0.11327207273635184,feature_info,0.3
ap_model,34,,0.5464115555555555,0.11594953443371904,feature_info,0.3
auc_model,35,,0.5437245197946035,0.11012018938734008,feature_info,0.3
ap_model,35,,0.5481195931417816,0.11137508342655775,feature_info,0.3
auc_model,36,,0.536852793121716,0.117038512906948,feature_info,0.3
ap_model,36,,0.5430629869212339,0.11643958769261992,feature_info,0.3
auc_model,37,,0.5380518997903535,0.10910712673122736,feature_info,0.3
ap_model,37,,0.539300839287342,0.10902295866376371,feature_info,0.3
auc_model,38,,0.5441215555555555,0.10984395603810011,feature_info,0.3
ap_model,38,,0.555182,0.1139819945415482,feature_info,0.3
auc_model,39,,0.5576331847171143,0.11298655660959801,feature_info,0.3
ap_model,39,,0.558465823805379,0.11394285960726433,feature_info,0.3
auc_model,0,,0.575258467023173,0.12360406917371293,feature_info,0.5
ap_model,0,,0.575258467023173,0.12360406917371293,feature_info,0.5
auc_model,1,,0.6086527730082417,0.1467486046100267,feature_info,0.5
ap_model,1,,0.6086527730082417,0.1467486046100267,feature_info,0.5
auc_model,2,,0.6188905207575517,0.13143321281024195,feature_info,0.5
ap_model,2,,0.6188905207575517,0.13143321281024195,feature_info,0.5
auc_model,3,,0.6046595906893761,0.13680960548231358,feature_info,0.5
ap_model,3,,0.6046595906893761,0.13680960548231358,feature_info,0.5
auc_model,4,,0.580836090594324,0.12688060301965423,feature_info,0.5
ap_model,4,,0.580836090594324,0.12688060301965423,feature_info,0.5
auc_model,5,,0.5835702032817683,0.12919731947410282,feature_info,0.5
ap_model,5,,0.5835702032817683,0.12919731947410282,feature_info,0.5
auc_model,6,,0.5929052464239817,0.13151801983843076,feature_info,0.5
ap_model,6,,0.5929052464239817,0.13151801983843076,feature_info,0.5
auc_model,7,,0.5828094561106973,0.12216364368937968,feature_info,0.5
ap_model,7,,0.5828094561106973,0.12216364368937968,feature_info,0.5
auc_model,8,,0.5838719344898906,0.13504009721975418,feature_info,0.5
ap_model,8,,0.5838719344898906,0.13504009721975418,feature_info,0.5
auc_model,9,,0.5867704032944008,0.13185330705033144,feature_info,0.5
ap_model,9,,0.5867704032944008,0.13185330705033144,feature_info,0.5
auc_model,10,,0.5875095645165326,0.1268672681553479,feature_info,0.5
ap_model,10,,0.5875095645165326,0.1268672681553479,feature_info,0.5
auc_model,11,,0.5875818604022389,0.12728996418701405,feature_info,0.5
ap_model,11,,0.5875818604022389,0.12728996418701405,feature_info,0.5
auc_model,12,,0.5575392432819929,0.11373068369447073,feature_info,0.5
ap_model,12,,0.5575392432819929,0.11373068369447073,feature_info,0.5
auc_model,13,,0.5924613204264986,0.13926151102761586,feature_info,0.5
ap_model,13,,0.5924613204264986,0.13926151102761586,feature_info,0.5
auc_model,14,,0.5904856058921159,0.13076778377096604,feature_info,0.5
ap_model,14,,0.5904856058921159,0.13076778377096604,feature_info,0.5
auc_model,15,,0.595330878394196,0.14140778286626432,feature_info,0.5
ap_model,15,,0.595330878394196,0.14140778286626432,feature_info,0.5
auc_model,16,,0.5944458685330896,0.1247026208472232,feature_info,0.5
ap_model,16,,0.5944458685330896,0.1247026208472232,feature_info,0.5
auc_model,17,,0.5881578246917074,0.12579821840931482,feature_info,0.5
ap_model,17,,0.5881578246917074,0.12579821840931482,feature_info,0.5
auc_model,18,,0.5991789982753839,0.1386353401727958,feature_info,0.5
ap_model,18,,0.5991789982753839,0.1386353401727958,feature_info,0.5
auc_model,19,,0.601734584537455,0.13666784006550275,feature_info,0.5
ap_model,19,,0.601734584537455,0.13666784006550275,feature_info,0.5
auc_model,20,,0.5894366260916784,0.12903886061830055,feature_info,0.5
ap_model,20,,0.5894366260916784,0.12903886061830055,feature_info,0.5
auc_model,21,,0.6072279048089811,0.14143423220170978,feature_info,0.5
ap_model,21,,0.6072279048089811,0.14143423220170978,feature_info,0.5
auc_model,22,,0.6057726502339313,0.13859183263712965,feature_info,0.5
ap_model,22,,0.6057726502339313,0.13859183263712965,feature_info,0.5
auc_model,23,,0.576535205213527,0.1264553758850781,feature_info,0.5
ap_model,23,,0.576535205213527,0.1264553758850781,feature_info,0.5
auc_model,24,,0.6112810646396483,0.14718076975584088,feature_info,0.5
ap_model,24,,0.6112810646396483,0.14718076975584088,feature_info,0.5
auc_model,25,,0.5759185936015205,0.11764645568356666,feature_info,0.5
ap_model,25,,0.5759185936015205,0.11764645568356666,feature_info,0.5
auc_model,26,,0.5951917990950086,0.11978521447994625,feature_info,0.5
ap_model,26,,0.5951917990950086,0.11978521447994625,feature_info,0.5
auc_model,27,,0.574724142699115,0.11704303827473321,feature_info,0.5
ap_model,27,,0.574724142699115,0.11704303827473321,feature_info,0.5
auc_model,28,,0.5768947335793588,0.13855214478047162,feature_info,0.5
ap_model,28,,0.5768947335793588,0.13855214478047162,feature_info,0.5
auc_model,29,,0.595963391667309,0.13328862113369894,feature_info,0.5
ap_model,29,,0.595963391667309,0.13328862113369894,feature_info,0.5
auc_model,30,,0.5883195029217047,0.13284124165644814,feature_info,0.5
ap_model,30,,0.5883195029217047,0.13284124165644814,feature_info,0.5
auc_model,31,,0.5947440726393816,0.1402081551526885,feature_info,0.5
ap_model,31,,0.5947440726393816,0.1402081551526885,feature_info,0.5
auc_model,32,,0.5807380569801447,0.1320545037853117,feature_info,0.5
ap_model,32,,0.5807380569801447,0.1320545037853117,feature_info,0.5
auc_model,33,,0.6257873561842504,0.14821423780511508,feature_info,0.5
ap_model,33,,0.6257873561842504,0.14821423780511508,feature_info,0.5
auc_model,34,,0.6027023448823132,0.14421145636197394,feature_info,0.5
ap_model,34,,0.6027023448823132,0.14421145636197394,feature_info,0.5
auc_model,35,,0.5754565421641974,0.1291699675979599,feature_info,0.5
ap_model,35,,0.5754565421641974,0.1291699675979599,feature_info,0.5
auc_model,36,,0.5844528582978978,0.12235508041357823,feature_info,0.5
ap_model,36,,0.5844528582978978,0.12235508041357823,feature_info,0.5
auc_model,37,,0.5936606768649257,0.1252471809332063,feature_info,0.5
ap_model,37,,0.5936606768649257,0.1252471809332063,feature_info,0.5
auc_model,38,,0.6060422525907523,0.13364716451182743,feature_info,0.5
ap_model,38,,0.6060422525907523,0.13364716451182743,feature_info,0.5
auc_model,39,,0.568588169225692,0.11523021756183285,feature_info,0.5
ap_model,39,,0.568588169225692,0.11523021756183285,feature_info,0.5
auc_model,0,,0.6519758881880604,0.1797174192273449,feature_info,0.8
ap_model,0,,0.6494767743907606,0.17872127535445492,feature_info,0.8
auc_model,1,,0.6812458960616142,0.20289957821947432,feature_info,0.8
ap_model,1,,0.6764921908718959,0.1943730055987562,feature_info,0.8
auc_model,2,,0.6558014956111852,0.18507644257851086,feature_info,0.8
ap_model,2,,0.6509190629852752,0.17887256130882434,feature_info,0.8
auc_model,3,,0.6838801460841533,0.19043065476169507,feature_info,0.8
ap_model,3,,0.6755772165608231,0.17730820020257415,feature_info,0.8
auc_model,4,,0.6649238607910007,0.1865233547127692,feature_info,0.8
ap_model,4,,0.664353606163951,0.18383070576801294,feature_info,0.8
auc_model,5,,0.6780998189307536,0.2039229991391098,feature_info,0.8
ap_model,5,,0.6711922706516328,0.19350146456226655,feature_info,0.8
auc_model,6,,0.6773404914981794,0.21213873022829896,feature_info,0.8
ap_model,6,,0.6750465704959678,0.20113421591974687,feature_info,0.8
auc_model,7,,0.6816819150192432,0.20830649569614582,feature_info,0.8
ap_model,7,,0.6767178047288989,0.1991765928653351,feature_info,0.8
auc_model,8,,0.6567199410450681,0.18051494767204673,feature_info,0.8
ap_model,8,,0.6501258195320098,0.1762729943728863,feature_info,0.8
auc_model,9,,0.6730785131879456,0.2231636747803793,feature_info,0.8
ap_model,9,,0.6676271272003119,0.21979042459620768,feature_info,0.8
auc_model,10,,0.6649494014643349,0.1769513240959265,feature_info,0.8
ap_model,10,,0.6651129319638258,0.17470847381442386,feature_info,0.8
auc_model,11,,0.6503139284675779,0.1768916237859245,feature_info,0.8
ap_model,11,,0.6496220994475138,0.168746211179462,feature_info,0.8
auc_model,12,,0.6878545723606767,0.2106666434990782,feature_info,0.8
ap_model,12,,0.6795439410755726,0.2030582681956782,feature_info,0.8
auc_model,13,,0.6603316738722216,0.18927808491251774,feature_info,0.8
ap_model,13,,0.6531320144984498,0.1809387917600947,feature_info,0.8
auc_model,14,,0.6771465958212947,0.20215090735646868,feature_info,0.8
ap_model,14,,0.6748583781716311,0.19517285493803144,feature_info,0.8
auc_model,15,,0.6706777680434245,0.20948100495284197,feature_info,0.8
ap_model,15,,0.6680153592081716,0.2053676594146395,feature_info,0.8
auc_model,16,,0.6605118814757791,0.18026390193155165,feature_info,0.8
ap_model,16,,0.6607758166027917,0.1759406858552635,feature_info,0.8
auc_model,17,,0.6554639837772367,0.18763194473281858,feature_info,0.8
ap_model,17,,0.653607996981491,0.1845876079527356,feature_info,0.8
auc_model,18,,0.6459554136738496,0.1750163251354862,feature_info,0.8
ap_model,18,,0.6494044160681032,0.1791756116310686,feature_info,0.8
auc_model,19,,0.6522269485123009,0.19775924146077703,feature_info,0.8
ap_model,19,,0.6495825350954096,0.18790421503724158,feature_info,0.8
auc_model,20,,0.6790127644577584,0.19692828007906393,feature_info,0.8
ap_model,20,,0.674887388627628,0.19204278385941725,feature_info,0.8
auc_model,21,,0.6542640367445055,0.19541003919255565,feature_info,0.8
ap_model,21,,0.6486034083104395,0.18774895998316818,feature_info,0.8
auc_model,22,,0.6866399380113317,0.20130168925661923,feature_info,0.8
ap_model,22,,0.6818337933230254,0.19589886772203527,feature_info,0.8
auc_model,23,,0.6648282470610793,0.18928498190579784,feature_info,0.8
ap_model,23,,0.6609484582869385,0.18367045939689447,feature_info,0.8
auc_model,24,,0.6708468336080913,0.19362078845156078,feature_info,0.8
ap_model,24,,0.6703532419006087,0.1891570234051508,feature_info,0.8
auc_model,25,,0.6535951962937077,0.1993901523101371,feature_info,0.8
ap_model,25,,0.6523276165856043,0.19776043091467682,feature_info,0.8
auc_model,26,,0.6504569550291228,0.17141879761917675,feature_info,0.8
ap_model,26,,0.6509081240735537,0.16432889971622636,feature_info,0.8
auc_model,27,,0.6738202445970084,0.1950697289756234,feature_info,0.8
ap_model,27,,0.6663143763847423,0.18783810554029312,feature_info,0.8
auc_model,28,,0.6677191391046813,0.22190176055511013,feature_info,0.8
ap_model,28,,0.6605803307610536,0.2112316074938801,feature_info,0.8
auc_model,29,,0.6568703313541466,0.17288254471293346,feature_info,0.8
ap_model,29,,0.6533777054204175,0.17243891645093434,feature_info,0.8
auc_model,30,,0.6871180858485028,0.20316760794852165,feature_info,0.8
ap_model,30,,0.6861827585776247,0.19417224640073838,feature_info,0.8
auc_model,31,,0.6557270457596063,0.19358902140672618,feature_info,0.8
ap_model,31,,0.6575107056649456,0.18831227508256138,feature_info,0.8
auc_model,32,,0.6593885395213603,0.1877487960099244,feature_info,0.8
ap_model,32,,0.6564303571625238,0.1834074429685116,feature_info,0.8
auc_model,33,,0.6821587069765576,0.2086499577709845,feature_info,0.8
ap_model,33,,0.6775124395798349,0.20043602779840933,feature_info,0.8
auc_model,34,,0.6585053976103264,0.18202568206187358,feature_info,0.8
ap_model,34,,0.6571098975947967,0.1781492634029501,feature_info,0.8
auc_model,35,,0.6738939568724875,0.18885303125610392,feature_info,0.8
ap_model,35,,0.6679694249883745,0.18498662326932394,feature_info,0.8
auc_model,36,,0.6790433654792488,0.1960046481242833,feature_info,0.8
ap_model,36,,0.6713770338264248,0.18742403416386288,feature_info,0.8
auc_model,37,,0.6724052747427914,0.20105155598531158,feature_info,0.8
ap_model,37,,0.6626175030731651,0.19361755060195363,feature_info,0.8
auc_model,38,,0.6727218742166525,0.19948187196878603,feature_info,0.8
ap_model,38,,0.6689475069381423,0.18972083387527505,feature_info,0.8
auc_model,39,,0.6453532840705806,0.17400275007078705,feature_info,0.8
ap_model,39,,0.6437092159294194,0.1689052599838583,feature_info,0.8
auc_model,0,,0.7679851357799308,0.32133975886167887,feature_info,1.2
ap_model,0,,0.7572304887662594,0.31483004036540063,feature_info,1.2
auc_model,1,,0.753580299475551,0.2944928498235677,feature_info,1.2
ap_model,1,,0.7467675929847237,0.28717837773843563,feature_info,1.2
auc_model,2,,0.7800691500028648,0.3269969492234963,feature_info,1.2
ap_model,2,,0.7733327543975248,0.32267130448767717,feature_info,1.2
auc_model,3,,0.7601008324856984,0.29447357556755593,feature_info,1.2
ap_model,3,,0.7526695991227881,0.28809487941211387,feature_info,1.2
auc_model,4,,0.7660018340016079,0.31885983995224954,feature_info,1.2
ap_model,4,,0.7577462771807026,0.3104235965132281,feature_info,1.2
auc_model,5,,0.7728608021457921,0.2843077054461036,feature_info,1.2
ap_model,5,,0.7658268877842915,0.29050561535562264,feature_info,1.2
auc_model,6,,0.7676520837058873,0.2892030811850042,feature_info,1.2
ap_model,6,,0.764347891296949,0.28628724119847027,feature_info,1.2
auc_model,7,,0.7580350003854668,0.2918085416491194,feature_info,1.2
ap_model,7,,0.7528508023216115,0.2851450737131211,feature_info,1.2
auc_model,8,,0.7725346899892196,0.30471512264969186,feature_info,1.2
ap_model,8,,0.7652254147451638,0.2999209457394715,feature_info,1.2
auc_model,9,,0.7736958880529514,0.3079474437811156,feature_info,1.2
ap_model,9,,0.763508266664797,0.299917343495526,feature_info,1.2
auc_model,10,,0.768685611659663,0.27587244984994164,feature_info,1.2
ap_model,10,,0.7621546022684098,0.27146216867688955,feature_info,1.2
auc_model,11,,0.7711529791248886,0.3069282662757156,feature_info,1.2
ap_model,11,,0.7666322432737298,0.30036523932572634,feature_info,1.2
auc_model,12,,0.7833671111111111,0.3374806392015721,feature_info,1.2
ap_model,12,,0.7726811111111112,0.3329508819566962,feature_info,1.2
auc_model,13,,0.7763478754530765,0.31593825030839234,feature_info,1.2
ap_model,13,,0.7682001397440936,0.3110482677609735,feature_info,1.2
auc_model,14,,0.7718824812268902,0.3113716501706538,feature_info,1.2
ap_model,14,,0.7636579730312585,0.30460500173234073,feature_info,1.2
auc_model,15,,0.76991426059755,0.2948286445485944,feature_info,1.2
ap_model,15,,0.7600118733659852,0.2879734694444258,feature_info,1.2
auc_model,16,,0.7576693877974401,0.3141170740818506,feature_info,1.2
ap_model,16,,0.749419987690946,0.3107394250252992,feature_info,1.2
auc_model,17,,0.7753909399737766,0.31746705651722107,feature_info,1.2
ap_model,17,,0.7674472465485448,0.3073917959774695,feature_info,1.2
auc_model,18,,0.7646637657990385,0.28099495173903544,feature_info,1.2
ap_model,18,,0.7584729854970471,0.27999424000628453,feature_info,1.2
auc_model,19,,0.7855928502058425,0.3228882808822455,feature_info,1.2
ap_model,19,,0.7829659655016852,0.321958271453415,feature_info,1.2
auc_model,20,,0.78604146767495,0.3206978615186588,feature_info,1.2
ap_model,20,,0.7822041158083417,0.31441341970824077,feature_info,1.2
auc_model,21,,0.7771841509062865,0.30573900818909544,feature_info,1.2
ap_model,21,,0.7703903599403508,0.301564515664021,feature_info,1.2
auc_model,22,,0.7654157366071429,0.3051866255557138,feature_info,1.2
ap_model,22,,0.7538332760989012,0.3045811937485942,feature_info,1.2
auc_model,23,,0.77186469813897,0.28719234905555696,feature_info,1.2
ap_model,23,,0.7634845938850794,0.2830003993226875,feature_info,1.2
auc_model,24,,0.7694673576609085,0.3235320245420365,feature_info,1.2
ap_model,24,,0.7610212193476121,0.32161001770483066,feature_info,1.2
auc_model,25,,0.7748470939849352,0.3515352077841091,feature_info,1.2
ap_model,25,,0.7693274868661624,0.35586864868770984,feature_info,1.2
auc_model,26,,0.7696805195799912,0.2928916047795735,feature_info,1.2
ap_model,26,,0.7603798932570187,0.2898453044112457,feature_info,1.2
auc_model,27,,0.7651918324845444,0.3022809400780833,feature_info,1.2
ap_model,27,,0.757067206450007,0.29532187106399427,feature_info,1.2
auc_model,28,,0.7766868850626119,0.31550208536944196,feature_info,1.2
ap_model,28,,0.7722336711253863,0.3067090572788891,feature_info,1.2
auc_model,29,,0.7633714195212452,0.3091169967644388,feature_info,1.2
ap_model,29,,0.7586546902574777,0.30562005941275905,feature_info,1.2
auc_model,30,,0.7863144571049056,0.3123890515473246,feature_info,1.2
ap_model,30,,0.7784255893636155,0.3086884837536827,feature_info,1.2
auc_model,31,,0.7907123065491914,0.33851293935381016,feature_info,1.2
ap_model,31,,0.7809334698621797,0.3267797578528861,feature_info,1.2
auc_model,32,,0.7635046569083763,0.31699119628577455,feature_info,1.2
ap_model,32,,0.7563689700458394,0.31275789764479484,feature_info,1.2
auc_model,33,,0.7680707198357312,0.2877817467622483,feature_info,1.2
ap_model,33,,0.7592062245461801,0.28581084340759266,feature_info,1.2
auc_model,34,,0.7737629472887612,0.29213294449224636,feature_info,1.2
ap_model,34,,0.7676513861566183,0.2860641375718607,feature_info,1.2
auc_model,35,,0.7733169223914147,0.27953625708656454,feature_info,1.2
ap_model,35,,0.7601377871696647,0.27232889319150483,feature_info,1.2
auc_model,36,,0.76019348089577,0.3220430040825576,feature_info,1.2
ap_model,36,,0.7517879006177042,0.31848657124728236,feature_info,1.2
auc_model,37,,0.7450014013610019,0.2820860461579471,feature_info,1.2
ap_model,37,,0.7409847644031884,0.28581980970269905,feature_info,1.2
auc_model,38,,0.7656551111111112,0.2997433815936645,feature_info,1.2
ap_model,38,,0.7583931111111111,0.2950855356248544,feature_info,1.2
auc_model,39,,0.7501855269486676,0.2896913133498148,feature_info,1.2
ap_model,39,,0.7419040210274453,0.2804716821683629,feature_info,1.2
auc_model,0,,0.8694135115070527,0.5078813921949842,feature_info,1.8
ap_model,0,,0.8671638499497795,0.5077646670764585,feature_info,1.8
auc_model,1,,0.8717360438193869,0.5193835474633653,feature_info,1.8
ap_model,1,,0.8694605747751546,0.5156521015314118,feature_info,1.8
auc_model,2,,0.8695345575995674,0.5110510032420934,feature_info,1.8
ap_model,2,,0.8670668903958794,0.5076626930203741,feature_info,1.8
auc_model,3,,0.8749045995834894,0.55079310169015,feature_info,1.8
ap_model,3,,0.8743244966023762,0.5507972713894356,feature_info,1.8
auc_model,4,,0.8579977406580819,0.5178609811953693,feature_info,1.8
ap_model,4,,0.8582610745921598,0.5170104683795059,feature_info,1.8
auc_model,5,,0.8518566149304301,0.5075350437347754,feature_info,1.8
ap_model,5,,0.8506937375511088,0.5071389044131926,feature_info,1.8
auc_model,6,,0.8753952667541517,0.5234473771542426,feature_info,1.8
ap_model,6,,0.8747567763247206,0.5214327325145829,feature_info,1.8
auc_model,7,,0.8834110592938041,0.5598249895036052,feature_info,1.8
ap_model,7,,0.8804195369865205,0.5561018335022605,feature_info,1.8
auc_model,8,,0.8838880868236028,0.5484525512845821,feature_info,1.8
ap_model,8,,0.882570785654016,0.5486441893299105,feature_info,1.8
auc_model,9,,0.8597072197273572,0.5027186981125901,feature_info,1.8
ap_model,9,,0.8572676868968725,0.5012241302767846,feature_info,1.8
auc_model,10,,0.8755552394162487,0.537260159627241,feature_info,1.8
ap_model,10,,0.8753095991748765,0.5368307843634392,feature_info,1.8
auc_model,11,,0.8798291757617328,0.534215429762894,feature_info,1.8
ap_model,11,,0.8788028978364455,0.53232560225624,feature_info,1.8
auc_model,12,,0.8700539903869138,0.5336027568839553,feature_info,1.8
ap_model,12,,0.87000439233223,0.5316406546533418,feature_info,1.8
auc_model,13,,0.8827822835346624,0.5061341350917323,feature_info,1.8
ap_model,13,,0.8821915690691969,0.5060219330458324,feature_info,1.8
auc_model,14,,0.881114636452186,0.5505913129402549,feature_info,1.8
ap_model,14,,0.8802650332321091,0.5487169285385581,feature_info,1.8
auc_model,15,,0.875055101514591,0.5342898185588445,feature_info,1.8
ap_model,15,,0.8729001446204554,0.5310783066264446,feature_info,1.8
auc_model,16,,0.8677845383901298,0.4939666015253151,feature_info,1.8
ap_model,16,,0.8666847431424807,0.4922033381801742,feature_info,1.8
auc_model,17,,0.8590679040999908,0.4903277436513922,feature_info,1.8
ap_model,17,,0.8577917032221083,0.4897821559236491,feature_info,1.8
auc_model,18,,0.870106158456798,0.5189557027904932,feature_info,1.8
ap_model,18,,0.869483559157486,0.5174642230587421,feature_info,1.8
auc_model,19,,0.8610195857837304,0.5112481176015514,feature_info,1.8
ap_model,19,,0.8595942087269558,0.5100588928369022,feature_info,1.8
auc_model,20,,0.864610850856492,0.5441110413241133,feature_info,1.8
ap_model,20,,0.8628040240787238,0.5413616005211527,feature_info,1.8
auc_model,21,,0.8833910059556156,0.5823446228209009,feature_info,1.8
ap_model,21,,0.8815995275893184,0.5805859972823066,feature_info,1.8
auc_model,22,,0.8729574923657404,0.5069589608964299,feature_info,1.8
ap_model,22,,0.8710645461756761,0.5052471560654512,feature_info,1.8
auc_model,23,,0.8728110428302673,0.5109641446144091,feature_info,1.8
ap_model,23,,0.8725008509688235,0.5105163649033688,feature_info,1.8
auc_model,24,,0.8638209484690067,0.5252791887868734,feature_info,1.8
ap_model,24,,0.8626264512186842,0.5236866800869049,feature_info,1.8
auc_model,25,,0.8576434749169348,0.49332927778339875,feature_info,1.8
ap_model,25,,0.8566854630173714,0.4923701382681731,feature_info,1.8
auc_model,26,,0.8686033321057998,0.4964915153395909,feature_info,1.8
ap_model,26,,0.8672267519648247,0.4949086136878144,feature_info,1.8
auc_model,27,,0.8608565280604827,0.5101101951844859,feature_info,1.8
ap_model,27,,0.8593626054085491,0.5110051175428181,feature_info,1.8
auc_model,28,,0.8826593465279866,0.5597749376531973,feature_info,1.8
ap_model,28,,0.880703539973315,0.5568838319980116,feature_info,1.8
auc_model,29,,0.8714259958791208,0.5089080970179376,feature_info,1.8
ap_model,29,,0.8698647836538461,0.5086781122015313,feature_info,1.8
auc_model,30,,0.863755037442063,0.5186638656422624,feature_info,1.8
ap_model,30,,0.862988054911749,0.5166293034888192,feature_info,1.8
auc_model,31,,0.8788581018597803,0.5029347620935801,feature_info,1.8
ap_model,31,,0.8785030425500336,0.5026841033799186,feature_info,1.8
auc_model,32,,0.8742947290274685,0.5524756763268331,feature_info,1.8
ap_model,32,,0.8722035896764051,0.5494758131369428,feature_info,1.8
auc_model,33,,0.8756326544655453,0.5578503172754951,feature_info,1.8
ap_model,33,,0.8746590133740484,0.5566283253047206,feature_info,1.8
auc_model,34,,0.8653412650228209,0.5032389546432401,feature_info,1.8
ap_model,34,,0.8653647510416159,0.5039889550728183,feature_info,1.8
auc_model,35,,0.8601189356912282,0.49721558537151606,feature_info,1.8
ap_model,35,,0.8586919835040042,0.49703857366797066,feature_info,1.8
auc_model,36,,0.8738279683694586,0.5187034568774997,feature_info,1.8
ap_model,36,,0.8714921942660249,0.5161314349786363,feature_info,1.8
auc_model,37,,0.8731855473525527,0.5112222006919188,feature_info,1.8
ap_model,37,,0.8718704429797481,0.5098659552349502,feature_info,1.8
auc_model,38,,0.8793283265050112,0.5334611383202618,feature_info,1.8
ap_model,38,,0.8772353865705413,0.5317477269202658,feature_info,1.8
auc_model,39,,0.8778828366401041,0.551452487972645,feature_info,1.8
ap_model,39,,0.8752685057190871,0.5518605974402483,feature_info,1.8
