model,repeat,info_scale,roc_auc,average_precision,study
auc_model,0,0.1,0.5144975390437582,0.10783514336479405,feature_info
ap_model,0,0.1,0.5144975390437582,0.10783514336479405,feature_info
auc_model,1,0.1,0.4822827347698856,0.09940600878400742,feature_info
ap_model,1,0.1,0.4822827347698856,0.09940600878400742,feature_info
auc_model,2,0.1,0.5000002210442039,0.10604673310556237,feature_info
ap_model,2,0.1,0.5000002210442039,0.10604673310556237,feature_info
auc_model,3,0.1,0.5037668161434977,0.10820749747375366,feature_info
ap_model,3,0.1,0.5037668161434977,0.10820749747375366,feature_info
auc_model,4,0.1,0.5144060376281194,0.11209809420377415,feature_info
ap_model,4,0.1,0.5144060376281194,0.11209809420377415,feature_info
auc_model,5,0.1,0.49274212193589406,0.09067266826085457,feature_info
ap_model,5,0.1,0.49274212193589406,0.09067266826085457,feature_info
auc_model,6,0.1,0.5007649717983674,0.09787162461916674,feature_info
ap_model,6,0.1,0.5007649717983674,0.09787162461916674,feature_info
auc_model,7,0.1,0.48850070819821906,0.09586777076286927,feature_info
ap_model,7,0.1,0.48850070819821906,0.09586777076286927,feature_info
auc_model,8,0.1,0.4914337435745354,0.10166959122865989,feature_info
ap_model,8,0.1,0.4914337435745354,0.10166959122865989,feature_info
auc_model,9,0.1,0.5175468450485956,0.10082509760211356,feature_info
ap_model,9,0.1,0.5175468450485956,0.10082509760211356,feature_info
auc_model,10,0.1,0.5023369081828134,0.09226842780158627,feature_info
ap_model,10,0.1,0.5023369081828134,0.09226842780158627,feature_info
auc_model,11,0.1,0.489863356297381,0.09399127358049038,feature_info
ap_model,11,0.1,0.489863356297381,0.09399127358049038,feature_info
auc_model,12,0.1,0.4825478969390002,0.09006155687751805,feature_info
ap_model,12,0.1,0.4825478969390002,0.09006155687751805,feature_info
auc_model,13,0.1,0.49343436928430096,0.09982847939160405,feature_info
ap_model,13,0.1,0.49343436928430096,0.09982847939160405,feature_info
auc_model,14,0.1,0.5097157489340202,0.10279812384090567,feature_info
ap_model,14,0.1,0.5097157489340202,0.10279812384090567,feature_info
auc_model,15,0.1,0.49560473596758275,0.10369234533284322,feature_info
ap_model,15,0.1,0.49560473596758275,0.10369234533284322,feature_info
auc_model,16,0.1,0.47437434543285095,0.09677173928218877,feature_info
ap_model,16,0.1,0.47437434543285095,0.09677173928218877,feature_info
auc_model,17,0.1,0.49465765303728,0.10295174124583427,feature_info
ap_model,17,0.1,0.49465765303728,0.10295174124583427,feature_info
auc_model,18,0.1,0.48367423592032965,0.09878509645771641,feature_info
ap_model,18,0.1,0.48367423592032965,0.09878509645771641,feature_info
auc_model,19,0.1,0.4812140321726267,0.09534530997886878,feature_info
ap_model,19,0.1,0.4812140321726267,0.09534530997886878,feature_info
auc_model,20,0.1,0.5243810999690816,0.11115549599545917,feature_info
ap_model,20,0.1,0.5243810999690816,0.11115549599545917,feature_info
auc_model,21,0.1,0.5109075404280915,0.09999185765087276,feature_info
ap_model,21,0.1,0.5109075404280915,0.09999185765087276,feature_info
auc_model,22,0.1,0.5110332788075702,0.10026693495238982,feature_info
ap_model,22,0.1,0.5110332788075702,0.10026693495238982,feature_info
auc_model,23,0.1,0.49304807447788285,0.09741809757003395,feature_info
ap_model,23,0.1,0.49304807447788285,0.09741809757003395,feature_info
auc_model,24,0.1,0.4789220478789354,0.09306857198416577,feature_info
ap_model,24,0.1,0.4789220478789354,0.09306857198416577,feature_info
auc_model,25,0.1,0.5071673875761536,0.10275550526841307,feature_info
ap_model,25,0.1,0.5071673875761536,0.10275550526841307,feature_info
auc_model,26,0.1,0.49320931901603554,0.10296449285014406,feature_info
ap_model,26,0.1,0.49320931901603554,0.10296449285014406,feature_info
auc_model,27,0.1,0.48426290680268835,0.1008106718481423,feature_info
ap_model,27,0.1,0.48426290680268835,0.1008106718481423,feature_info
auc_model,28,0.1,0.49640804114134934,0.10606950964222575,feature_info
ap_model,28,0.1,0.49640804114134934,0.10606950964222575,feature_info
auc_model,29,0.1,0.5003974901076029,0.10520936865156975,feature_info
ap_model,29,0.1,0.5003974901076029,0.10520936865156975,feature_info
auc_model,30,0.1,0.49235279099752444,0.0944343814008139,feature_info
ap_model,30,0.1,0.49235279099752444,0.0944343814008139,feature_info
auc_model,31,0.1,0.4765696435535242,0.09370969376459218,feature_info
ap_model,31,0.1,0.4765696435535242,0.09370969376459218,feature_info
auc_model,32,0.1,0.521658132149951,0.10711156095397797,feature_info
ap_model,32,0.1,0.521658132149951,0.10711156095397797,feature_info
auc_model,33,0.1,0.5308650052339158,0.10809712927958391,feature_info
ap_model,33,0.1,0.5308650052339158,0.10809712927958391,feature_info
auc_model,34,0.1,0.5116762179867206,0.1016670159597046,feature_info
ap_model,34,0.1,0.5116762179867206,0.1016670159597046,feature_info
auc_model,35,0.1,0.4964455207183715,0.10178112376884581,feature_info
ap_model,35,0.1,0.4964455207183715,0.10178112376884581,feature_info
auc_model,36,0.1,0.4775229866298798,0.08057597027401973,feature_info
ap_model,36,0.1,0.4775229866298798,0.08057597027401973,feature_info
auc_model,37,0.1,0.4859532266189243,0.09415879481560281,feature_info
ap_model,37,0.1,0.4859532266189243,0.09415879481560281,feature_info
auc_model,38,0.1,0.5132546686311452,0.10764525944375286,feature_info
ap_model,38,0.1,0.5132546686311452,0.10764525944375286,feature_info
auc_model,39,0.1,0.4837546567948097,0.10045858680402722,feature_info
ap_model,39,0.1,0.4837546567948097,0.10045858680402722,feature_info
auc_model,0,0.3,0.5533907108063153,0.1263535084364697,feature_info
ap_model,0,0.3,0.5552062569305101,0.12542545665702176,feature_info
auc_model,1,0.3,0.5457275570518413,0.11665014558710475,feature_info
ap_model,1,0.3,0.5505139170631883,0.11912552647187812,feature_info
auc_model,2,0.3,0.5507726609869302,0.11802477740680357,feature_info
ap_model,2,0.3,0.5552567987353223,0.11994012643668993,feature_info
auc_model,3,0.3,0.5586500849649858,0.12311232010586023,feature_info
ap_model,3,0.3,0.5675871026398676,0.12727082477053592,feature_info
auc_model,4,0.3,0.562981985932654,0.11232471390415577,feature_info
ap_model,4,0.3,0.5655335079025494,0.11354841493978693,feature_info
auc_model,5,0.3,0.5674706092219927,0.12773079114891686,feature_info
ap_model,5,0.3,0.5727208972024304,0.13177592136089106,feature_info
auc_model,6,0.3,0.5463893092971894,0.1135213029550428,feature_info
ap_model,6,0.3,0.5489974102848686,0.11240023667350216,feature_info
auc_model,7,0.3,0.547632452365773,0.1165698528741863,feature_info
ap_model,7,0.3,0.5506996675686191,0.11766905153756047,feature_info
auc_model,8,0.3,0.5524679476201894,0.11288628743420129,feature_info
ap_model,8,0.3,0.5544434930529393,0.11465715778471224,feature_info
auc_model,9,0.3,0.5254134969264315,0.11625600932836672,feature_info
ap_model,9,0.3,0.5364229339408988,0.12017507527102438,feature_info
auc_model,10,0.3,0.5467288250289194,0.11154681450189169,feature_info
ap_model,10,0.3,0.5574274710849798,0.11260796950795338,feature_info
auc_model,11,0.3,0.541578555679494,0.11856873434261928,feature_info
ap_model,11,0.3,0.545811569413532,0.12014115915937248,feature_info
auc_model,12,0.3,0.5378380977746212,0.11364263475657077,feature_info
ap_model,12,0.3,0.5425927473262032,0.1144372324609188,feature_info
auc_model,13,0.3,0.5456493890421757,0.12165449625179899,feature_info
ap_model,13,0.3,0.5536496258877387,0.1233138944711494,feature_info
auc_model,14,0.3,0.5535542858316264,0.12146580238710297,feature_info
ap_model,14,0.3,0.5564888111995812,0.12119169379977171,feature_info
auc_model,15,0.3,0.5230693656160734,0.10660028852380006,feature_info
ap_model,15,0.3,0.5270197227571625,0.10940742171742741,feature_info
auc_model,16,0.3,0.523896340339233,0.09935940804642168,feature_info
ap_model,16,0.3,0.5238119929941003,0.09854812359625584,feature_info
auc_model,17,0.3,0.5269335555555555,0.10535364312840964,feature_info
ap_model,17,0.3,0.530602,0.10604812730954254,feature_info
auc_model,18,0.3,0.5277672954279584,0.10818550737869309,feature_info
ap_model,18,0.3,0.54060959656131,0.11095119261686605,feature_info
auc_model,19,0.3,0.5408470532184918,0.12018730692205848,feature_info
ap_model,19,0.3,0.5486560897886559,0.1203838351214912,feature_info
auc_model,20,0.3,0.5199228970892021,0.09802744819845391,feature_info
ap_model,20,0.3,0.529208833059113,0.1000072359454504,feature_info
auc_model,21,0.3,0.5345869447901409,0.11428215738073164,feature_info
ap_model,21,0.3,0.5403367878500864,0.11423683230184403,feature_info
auc_model,22,0.3,0.5335645510513246,0.11701510502928097,feature_info
ap_model,22,0.3,0.5365647721781073,0.11758370644069538,feature_info
auc_model,23,0.3,0.5626212654532967,0.11944767943056968,feature_info
ap_model,23,0.3,0.5623529790521978,0.11901953487408398,feature_info
auc_model,24,0.3,0.5378803642448202,0.11226612648780691,feature_info
ap_model,24,0.3,0.5408365554048975,0.11167329533342865,feature_info
auc_model,25,0.3,0.545592,0.1087167700465303,feature_info
ap_model,25,0.3,0.5534191111111111,0.11070026559727389,feature_info
auc_model,26,0.3,0.5362185612677102,0.1079532497510121,feature_info
ap_model,26,0.3,0.5438417188980603,0.10956581683615338,feature_info
auc_model,27,0.3,0.541976687104754,0.11117414061191414,feature_info
ap_model,27,0.3,0.5478232451502513,0.11421244743978379,feature_info
auc_model,28,0.3,0.5301078913178557,0.10732824416530598,feature_info
ap_model,28,0.3,0.5359892214596396,0.10825542862279361,feature_info
auc_model,29,0.3,0.5397395809765148,0.1114405988811936,feature_info
ap_model,29,0.3,0.5476035114711073,0.11359847946728499,feature_info
auc_model,30,0.3,0.5326673087050303,0.10564258582131224,feature_info
ap_model,30,0.3,0.5392964449830834,0.10872811657303892,feature_info
auc_model,31,0.3,0.5510558603463392,0.12164856500673597,feature_info
ap_model,31,0.3,0.5552815806752467,0.12183912650001906,feature_info
auc_model,32,0.3,0.5550011335408755,0.1174129189167715,feature_info
ap_model,32,0.3,0.5652637822820684,0.11987863389139615,feature_info
auc_model,33,0.3,0.5617449629074549,0.11546991058908657,feature_info
ap_model,33,0.3,0.5636117721584002,0.11696777210218035,feature_info
auc_model,34,0.3,0.5379082222222222,0.11327207273635184,feature_info
ap_model,34,0.3,0.5464115555555555,0.11594953443371904,feature_info
auc_model,35,0.3,0.5437245197946035,0.11012018938734008,feature_info
ap_model,35,0.3,0.5481195931417816,0.11137508342655775,feature_info
auc_model,36,0.3,0.536852793121716,0.117038512906948,feature_info
ap_model,36,0.3,0.5430629869212339,0.11643958769261992,feature_info
auc_model,37,0.3,0.5380518997903535,0.10910712673122736,feature_info
ap_model,37,0.3,0.539300839287342,0.10902295866376371,feature_info
auc_model,38,0.3,0.5441215555555555,0.10984395603810011,feature_info
ap_model,38,0.3,0.555182,0.1139819945415482,feature_info
auc_model,39,0.3,0.5576331847171143,0.11298655660959801,feature_info
ap_model,39,0.3,0.558465823805379,0.11394285960726433,feature_info
auc_model,0,0.5,0.575258467023173,0.12360406917371293,feature_info
ap_model,0,0.5,0.575258467023173,0.12360406917371293,feature_info
auc_model,1,0.5,0.6086527730082417,0.1467486046100267,feature_info
ap_model,1,0.5,0.6086527730082417,0.1467486046100267,feature_info
auc_model,2,0.5,0.6188905207575517,0.13143321281024195,feature_info
ap_model,2,0.5,0.6188905207575517,0.13143321281024195,feature_info
auc_model,3,0.5,0.6046595906893761,0.13680960548231358,feature_info
ap_model,3,0.5,0.6046595906893761,0.13680960548231358,feature_info
auc_model,4,0.5,0.580836090594324,0.12688060301965423,feature_info
ap_model,4,0.5,0.580836090594324,0.12688060301965423,feature_info
auc_model,5,0.5,0.5835702032817683,0.12919731947410282,feature_info
ap_model,5,0.5,0.5835702032817683,0.12919731947410282,feature_info
auc_model,6,0.5,0.5929052464239817,0.13151801983843076,feature_info
ap_model,6,0.5,0.5929052464239817,0.13151801983843076,feature_info
auc_model,7,0.5,0.5828094561106973,0.12216364368937968,feature_info
ap_model,7,0.5,0.5828094561106973,0.12216364368937968,feature_info
auc_model,8,0.5,0.5838719344898906,0.13504009721975418,feature_info
ap_model,8,0.5,0.5838719344898906,0.13504009721975418,feature_info
auc_model,9,0.5,0.5867704032944008,0.13185330705033144,feature_info
ap_model,9,0.5,0.5867704032944008,0.13185330705033144,feature_info
auc_model,10,0.5,0.5875095645165326,0.1268672681553479,feature_info
ap_model,10,0.5,0.5875095645165326,0.1268672681553479,feature_info
auc_model,11,0.5,0.5875818604022389,0.12728996418701405,feature_info
ap_model,11,0.5,0.5875818604022389,0.12728996418701405,feature_info
auc_model,12,0.5,0.5575392432819929,0.11373068369447073,feature_info
ap_model,12,0.5,0.5575392432819929,0.11373068369447073,feature_info
auc_model,13,0.5,0.5924613204264986,0.13926151102761586,feature_info
ap_model,13,0.5,0.5924613204264986,0.13926151102761586,feature_info
auc_model,14,0.5,0.5904856058921159,0.13076778377096604,feature_info
ap_model,14,0.5,0.5904856058921159,0.13076778377096604,feature_info
auc_model,15,0.5,0.595330878394196,0.14140778286626432,feature_info
ap_model,15,0.5,0.595330878394196,0.14140778286626432,feature_info
auc_model,16,0.5,0.5944458685330896,0.1247026208472232,feature_info
ap_model,16,0.5,0.5944458685330896,0.1247026208472232,feature_info
auc_model,17,0.5,0.5881578246917074,0.12579821840931482,feature_info
ap_model,17,0.5,0.5881578246917074,0.12579821840931482,feature_info
auc_model,18,0.5,0.5991789982753839,0.1386353401727958,feature_info
ap_model,18,0.5,0.5991789982753839,0.1386353401727958,feature_info
auc_model,19,0.5,0.601734584537455,0.13666784006550275,feature_info
ap_model,19,0.5,0.601734584537455,0.13666784006550275,feature_info
auc_model,20,0.5,0.5894366260916784,0.12903886061830055,feature_info
ap_model,20,0.5,0.5894366260916784,0.12903886061830055,feature_info
auc_model,21,0.5,0.6072279048089811,0.14143423220170978,feature_info
ap_model,21,0.5,0.6072279048089811,0.14143423220170978,feature_info
auc_model,22,0.5,0.6057726502339313,0.13859183263712965,feature_info
ap_model,22,0.5,0.6057726502339313,0.13859183263712965,feature_info
auc_model,23,0.5,0.576535205213527,0.1264553758850781,feature_info
ap_model,23,0.5,0.576535205213527,0.1264553758850781,feature_info
auc_model,24,0.5,0.6112810646396483,0.14718076975584088,feature_info
ap_model,24,0.5,0.6112810646396483,0.14718076975584088,feature_info
auc_model,25,0.5,0.5759185936015205,0.11764645568356666,feature_info
ap_model,25,0.5,0.5759185936015205,0.11764645568356666,feature_info
auc_model,26,0.5,0.5951917990950086,0.11978521447994625,feature_info
ap_model,26,0.5,0.5951917990950086,0.11978521447994625,feature_info
auc_model,27,0.5,0.574724142699115,0.11704303827473321,feature_info
ap_model,27,0.5,0.574724142699115,0.11704303827473321,feature_info
auc_model,28,0.5,0.5768947335793588,0.13855214478047162,feature_info
ap_model,28,0.5,0.5768947335793588,0.13855214478047162,feature_info
auc_model,29,0.5,0.595963391667309,0.13328862113369894,feature_info
ap_model,29,0.5,0.595963391667309,0.13328862113369894,feature_info
auc_model,30,0.5,0.5883195029217047,0.13284124165644814,feature_info
ap_model,30,0.5,0.5883195029217047,0.13284124165644814,feature_info
auc_model,31,0.5,0.5947440726393816,0.1402081551526885,feature_info
ap_model,31,0.5,0.5947440726393816,0.1402081551526885,feature_info
auc_model,32,0.5,0.5807380569801447,0.1320545037853117,feature_info
ap_model,32,0.5,0.5807380569801447,0.1320545037853117,feature_info
auc_model,33,0.5,0.6257873561842504,0.14821423780511508,feature_info
ap_model,33,0.5,0.6257873561842504,0.14821423780511508,feature_info
auc_model,34,0.5,0.6027023448823132,0.14421145636197394,feature_info
ap_model,34,0.5,0.6027023448823132,0.14421145636197394,feature_info
auc_model,35,0.5,0.5754565421641974,0.1291699675979599,feature_info
ap_model,35,0.5,0.5754565421641974,0.1291699675979599,feature_info
auc_model,36,0.5,0.5844528582978978,0.12235508041357823,feature_info
ap_model,36,0.5,0.5844528582978978,0.12235508041357823,feature_info
auc_model,37,0.5,0.5936606768649257,0.1252471809332063,feature_info
ap_model,37,0.5,0.5936606768649257,0.1252471809332063,feature_info
auc_model,38,0.5,0.6060422525907523,0.13364716451182743,feature_info
ap_model,38,0.5,0.6060422525907523,0.13364716451182743,feature_info
auc_model,39,0.5,0.568588169225692,0.11523021756183285,feature_info
ap_model,39,0.5,0.568588169225692,0.11523021756183285,feature_info
auc_model,0,0.8,0.6519758881880604,0.1797174192273449,feature_info
ap_model,0,0.8,0.6494767743907606,0.17872127535445492,feature_info
auc_model,1,0.8,0.6812458960616142,0.20289957821947432,feature_info
ap_model,1,0.8,0.6764921908718959,0.1943730055987562,feature_info
auc_model,2,0.8,0.6558014956111852,0.18507644257851086,feature_info
ap_model,2,0.8,0.6509190629852752,0.17887256130882434,feature_info
auc_model,3,0.8,0.6838801460841533,0.19043065476169507,feature_info
ap_model,3,0.8,0.6755772165608231,0.17730820020257415,feature_info
auc_model,4,0.8,0.6649238607910007,0.1865233547127692,feature_info
ap_model,4,0.8,0.664353606163951,0.18383070576801294,feature_info
auc_model,5,0.8,0.6780998189307536,0.2039229991391098,feature_info
ap_model,5,0.8,0.6711922706516328,0.19350146456226655,feature_info
auc_model,6,0.8,0.6773404914981794,0.21213873022829896,feature_info
ap_model,6,0.8,0.6750465704959678,0.20113421591974687,feature_info
auc_model,7,0.8,0.6816819150192432,0.20830649569614582,feature_info
ap_model,7,0.8,0.6767178047288989,0.1991765928653351,feature_info
auc_model,8,0.8,0.6567199410450681,0.18051494767204673,feature_info
ap_model,8,0.8,0.6501258195320098,0.1762729943728863,feature_info
auc_model,9,0.8,0.6730785131879456,0.2231636747803793,feature_info
ap_model,9,0.8,0.6676271272003119,0.21979042459620768,feature_info
auc_model,10,0.8,0.6649494014643349,0.1769513240959265,feature_info
ap_model,10,0.8,0.6651129319638258,0.17470847381442386,feature_info
auc_model,11,0.8,0.6503139284675779,0.1768916237859245,feature_info
ap_model,11,0.8,0.6496220994475138,0.168746211179462,feature_info
auc_model,12,0.8,0.6878545723606767,0.2106666434990782,feature_info
ap_model,12,0.8,0.6795439410755726,0.2030582681956782,feature_info
auc_model,13,0.8,0.6603316738722216,0.18927808491251774,feature_info
ap_model,13,0.8,0.6531320144984498,0.1809387917600947,feature_info
auc_model,14,0.8,0.6771465958212947,0.20215090735646868,feature_info
ap_model,14,0.8,0.6748583781716311,0.19517285493803144,feature_info
auc_model,15,0.8,0.6706777680434245,0.20948100495284197,feature_info
ap_model,15,0.8,0.6680153592081716,0.2053676594146395,feature_info
auc_model,16,0.8,0.6605118814757791,0.18026390193155165,feature_info
ap_model,16,0.8,0.6607758166027917,0.1759406858552635,feature_info
auc_model,17,0.8,0.6554639837772367,0.18763194473281858,feature_info
ap_model,17,0.8,0.653607996981491,0.1845876079527356,feature_info
auc_model,18,0.8,0.6459554136738496,0.1750163251354862,feature_info
ap_model,18,0.8,0.6494044160681032,0.1791756116310686,feature_info
auc_model,19,0.8,0.6522269485123009,0.19775924146077703,feature_info
ap_model,19,0.8,0.6495825350954096,0.18790421503724158,feature_info
auc_model,20,0.8,0.6790127644577584,0.19692828007906393,feature_info
ap_model,20,0.8,0.674887388627628,0.19204278385941725,feature_info
auc_model,21,0.8,0.6542640367445055,0.19541003919255565,feature_info
ap_model,21,0.8,0.6486034083104395,0.18774895998316818,feature_info
auc_model,22,0.8,0.6866399380113317,0.20130168925661923,feature_info
ap_model,22,0.8,0.6818337933230254,0.19589886772203527,feature_info
auc_model,23,0.8,0.6648282470610793,0.18928498190579784,feature_info
ap_model,23,0.8,0.6609484582869385,0.18367045939689447,feature_info
auc_model,24,0.8,0.6708468336080913,0.19362078845156078,feature_info
ap_model,24,0.8,0.6703532419006087,0.1891570234051508,feature_info
auc_model,25,0.8,0.6535951962937077,0.1993901523101371,feature_info
ap_model,25,0.8,0.6523276165856043,0.19776043091467682,feature_info
auc_model,26,0.8,0.6504569550291228,0.17141879761917675,feature_info
ap_model,26,0.8,0.6509081240735537,0.16432889971622636,feature_info
auc_model,27,0.8,0.6738202445970084,0.1950697289756234,feature_info
ap_model,27,0.8,0.6663143763847423,0.18783810554029312,feature_info
auc_model,28,0.8,0.6677191391046813,0.22190176055511013,feature_info
ap_model,28,0.8,0.6605803307610536,0.2112316074938801,feature_info
auc_model,29,0.8,0.6568703313541466,0.17288254471293346,feature_info
ap_model,29,0.8,0.6533777054204175,0.17243891645093434,feature_info
auc_model,30,0.8,0.6871180858485028,0.20316760794852165,feature_info
ap_model,30,0.8,0.6861827585776247,0.19417224640073838,feature_info
auc_model,31,0.8,0.6557270457596063,0.19358902140672618,feature_info
ap_model,31,0.8,0.6575107056649456,0.18831227508256138,feature_info
auc_model,32,0.8,0.6593885395213603,0.1877487960099244,feature_info
ap_model,32,0.8,0.6564303571625238,0.1834074429685116,feature_info
auc_model,33,0.8,0.6821587069765576,0.2086499577709845,feature_info
ap_model,33,0.8,0.6775124395798349,0.20043602779840933,feature_info
auc_model,34,0.8,0.6585053976103264,0.18202568206187358,feature_info
ap_model,34,0.8,0.6571098975947967,0.1781492634029501,feature_info
auc_model,35,0.8,0.6738939568724875,0.18885303125610392,feature_info
ap_model,35,0.8,0.6679694249883745,0.18498662326932394,feature_info
auc_model,36,0.8,0.6790433654792488,0.1960046481242833,feature_info
ap_model,36,0.8,0.6713770338264248,0.18742403416386288,feature_info
auc_model,37,0.8,0.6724052747427914,0.20105155598531158,feature_info
ap_model,37,0.8,0.6626175030731651,0.19361755060195363,feature_info
auc_model,38,0.8,0.6727218742166525,0.19948187196878603,feature_info
ap_model,38,0.8,0.6689475069381423,0.18972083387527505,feature_info
auc_model,39,0.8,0.6453532840705806,0.17400275007078705,feature_info
ap_model,39,0.8,0.6437092159294194,0.1689052599838583,feature_info
auc_model,0,1.2,0.7679851357799308,0.32133975886167887,feature_info
ap_model,0,1.2,0.7572304887662594,0.31483004036540063,feature_info
auc_model,1,1.2,0.753580299475551,0.2944928498235677,feature_info
ap_model,1,1.2,0.7467675929847237,0.28717837773843563,feature_info
auc_model,2,1.2,0.7800691500028648,0.3269969492234963,feature_info
ap_model,2,1.2,0.7733327543975248,0.32267130448767717,feature_info
auc_model,3,1.2,0.7601008324856984,0.29447357556755593,feature_info
ap_model,3,1.2,0.7526695991227881,0.28809487941211387,feature_info
auc_model,4,1.2,0.7660018340016079,0.31885983995224954,feature_info
ap_model,4,1.2,0.7577462771807026,0.3104235965132281,feature_info
auc_model,5,1.2,0.7728608021457921,0.2843077054461036,feature_info
ap_model,5,1.2,0.7658268877842915,0.29050561535562264,feature_info
auc_model,6,1.2,0.7676520837058873,0.2892030811850042,feature_info
ap_model,6,1.2,0.764347891296949,0.28628724119847027,feature_info
auc_model,7,1.2,0.7580350003854668,0.2918085416491194,feature_info
ap_model,7,1.2,0.7528508023216115,0.2851450737131211,feature_info
auc_model,8,1.2,0.7725346899892196,0.30471512264969186,feature_info
ap_model,8,1.2,0.7652254147451638,0.2999209457394715,feature_info
auc_model,9,1.2,0.7736958880529514,0.3079474437811156,feature_info
ap_model,9,1.2,0.763508266664797,0.299917343495526,feature_info
auc_model,10,1.2,0.768685611659663,0.27587244984994164,feature_info
ap_model,10,1.2,0.7621546022684098,0.27146216867688955,feature_info
auc_model,11,1.2,0.7711529791248886,0.3069282662757156,feature_info
ap_model,11,1.2,0.7666322432737298,0.30036523932572634,feature_info
auc_model,12,1.2,0.7833671111111111,0.3374806392015721,feature_info
ap_model,12,1.2,0.7726811111111112,0.3329508819566962,feature_info
auc_model,13,1.2,0.7763478754530765,0.31593825030839234,feature_info
ap_model,13,1.2,0.7682001397440936,0.3110482677609735,feature_info
auc_model,14,1.2,0.7718824812268902,0.3113716501706538,feature_info
ap_model,14,1.2,0.7636579730312585,0.30460500173234073,feature_info
auc_model,15,1.2,0.76991426059755,0.2948286445485944,feature_info
ap_model,15,1.2,0.7600118733659852,0.2879734694444258,feature_info
auc_model,16,1.2,0.7576693877974401,0.3141170740818506,feature_info
ap_model,16,1.2,0.749419987690946,0.3107394250252992,feature_info
auc_model,17,1.2,0.7753909399737766,0.31746705651722107,feature_info
ap_model,17,1.2,0.7674472465485448,0.3073917959774695,feature_info
auc_model,18,1.2,0.7646637657990385,0.28099495173903544,feature_info
ap_model,18,1.2,0.7584729854970471,0.27999424000628453,feature_info
auc_model,19,1.2,0.7855928502058425,0.3228882808822455,feature_info
ap_model,19,1.2,0.7829659655016852,0.321958271453415,feature_info
auc_model,20,1.2,0.78604146767495,0.3206978615186588,feature_info
ap_model,20,1.2,0.7822041158083417,0.31441341970824077,feature_info
auc_model,21,1.2,0.7771841509062865,0.30573900818909544,feature_info
ap_model,21,1.2,0.7703903599403508,0.301564515664021,feature_info
auc_model,22,1.2,0.7654157366071429,0.3051866255557138,feature_info
ap_model,22,1.2,0.7538332760989012,0.3045811937485942,feature_info
auc_model,23,1.2,0.77186469813897,0.28719234905555696,feature_info
ap_model,23,1.2,0.7634845938850794,0.2830003993226875,feature_info
auc_model,24,1.2,0.7694673576609085,0.3235320245420365,feature_info
ap_model,24,1.2,0.7610212193476121,0.32161001770483066,feature_info
auc_model,25,1.2,0.7748470939849352,0.3515352077841091,feature_info
ap_model,25,1.2,0.7693274868661624,0.35586864868770984,feature_info
auc_model,26,1.2,0.7696805195799912,0.2928916047795735,feature_info
ap_model,26,1.2,0.7603798932570187,0.2898453044112457,feature_info
auc_model,27,1.2,0.7651918324845444,0.3022809400780833,feature_info
ap_model,27,1.2,0.757067206450007,0.29532187106399427,feature_info
auc_model,28,1.2,0.7766868850626119,0.31550208536944196,feature_info
ap_model,28,1.2,0.7722336711253863,0.3067090572788891,feature_info
auc_model,29,1.2,0.7633714195212452,0.3091169967644388,feature_info
ap_model,29,1.2,0.7586546902574777,0.30562005941275905,feature_info
auc_model,30,1.2,0.7863144571049056,0.3123890515473246,feature_info
ap_model,30,1.2,0.7784255893636155,0.3086884837536827,feature_info
auc_model,31,1.2,0.7907123065491914,0.33851293935381016,feature_info
ap_model,31,1.2,0.7809334698621797,0.3267797578528861,feature_info
auc_model,32,1.2,0.7635046569083763,0.31699119628577455,feature_info
ap_model,32,1.2,0.7563689700458394,0.31275789764479484,feature_info
auc_model,33,1.2,0.7680707198357312,0.2877817467622483,feature_info
ap_model,33,1.2,0.7592062245461801,0.28581084340759266,feature_info
auc_model,34,1.2,0.7737629472887612,0.29213294449224636,feature_info
ap_model,34,1.2,0.7676513861566183,0.2860641375718607,feature_info
auc_model,35,1.2,0.7733169223914147,0.27953625708656454,feature_info
ap_model,35,1.2,0.7601377871696647,0.27232889319150483,feature_info
auc_model,36,1.2,0.76019348089577,0.3220430040825576,feature_info
ap_model,36,1.2,0.7517879006177042,0.31848657124728236,feature_info
auc_model,37,1.2,0.7450014013610019,0.2820860461579471,feature_info
ap_model,37,1.2,0.7409847644031884,0.28581980970269905,feature_info
auc_model,38,1.2,0.7656551111111112,0.2997433815936645,feature_info
ap_model,38,1.2,0.7583931111111111,0.2950855356248544,feature_info
auc_model,39,1.2,0.7501855269486676,0.2896913133498148,feature_info
ap_model,39,1.2,0.7419040210274453,0.2804716821683629,feature_info
auc_model,0,1.8,0.8694135115070527,0.5078813921949842,feature_info
ap_model,0,1.8,0.8671638499497795,0.5077646670764585,feature_info
auc_model,1,1.8,0.8717360438193869,0.5193835474633653,feature_info
ap_model,1,1.8,0.8694605747751546,0.5156521015314118,feature_info
auc_model,2,1.8,0.8695345575995674,0.5110510032420934,feature_info
ap_model,2,1.8,0.8670668903958794,0.5076626930203741,feature_info
auc_model,3,1.8,0.8749045995834894,0.55079310169015,feature_info
ap_model,3,1.8,0.8743244966023762,0.5507972713894356,feature_info
auc_model,4,1.8,0.8579977406580819,0.5178609811953693,feature_info
ap_model,4,1.8,0.8582610745921598,0.5170104683795059,feature_info
auc_model,5,1.8,0.8518566149304301,0.5075350437347754,feature_info
ap_model,5,1.8,0.8506937375511088,0.5071389044131926,feature_info
auc_model,6,1.8,0.8753952667541517,0.5234473771542426,feature_info
ap_model,6,1.8,0.8747567763247206,0.5214327325145829,feature_info
auc_model,7,1.8,0.8834110592938041,0.5598249895036052,feature_info
ap_model,7,1.8,0.8804195369865205,0.5561018335022605,feature_info
auc_model,8,1.8,0.8838880868236028,0.5484525512845821,feature_info
ap_model,8,1.8,0.882570785654016,0.5486441893299105,feature_info
auc_model,9,1.8,0.8597072197273572,0.5027186981125901,feature_info
ap_model,9,1.8,0.8572676868968725,0.5012241302767846,feature_info
auc_model,10,1.8,0.8755552394162487,0.537260159627241,feature_info
ap_model,10,1.8,0.8753095991748765,0.5368307843634392,feature_info
auc_model,11,1.8,0.8798291757617328,0.534215429762894,feature_info
ap_model,11,1.8,0.8788028978364455,0.53232560225624,feature_info
auc_model,12,1.8,0.8700539903869138,0.5336027568839553,feature_info
ap_model,12,1.8,0.87000439233223,0.5316406546533418,feature_info
auc_model,13,1.8,0.8827822835346624,0.5061341350917323,feature_info
ap_model,13,1.8,0.8821915690691969,0.5060219330458324,feature_info
auc_model,14,1.8,0.881114636452186,0.5505913129402549,feature_info
ap_model,14,1.8,0.8802650332321091,0.5487169285385581,feature_info
auc_model,15,1.8,0.875055101514591,0.5342898185588445,feature_info
ap_model,15,1.8,0.8729001446204554,0.5310783066264446,feature_info
auc_model,16,1.8,0.8677845383901298,0.4939666015253151,feature_info
ap_model,16,1.8,0.8666847431424807,0.4922033381801742,feature_info
auc_model,17,1.8,0.8590679040999908,0.4903277436513922,feature_info
ap_model,17,1.8,0.8577917032221083,0.4897821559236491,feature_info
auc_model,18,1.8,0.870106158456798,0.5189557027904932,feature_info
ap_model,18,1.8,0.869483559157486,0.5174642230587421,feature_info
auc_model,19,1.8,0.8610195857837304,0.5112481176015514,feature_info
ap_model,19,1.8,0.8595942087269558,0.5100588928369022,feature_info
auc_model,20,1.8,0.864610850856492,0.5441110413241133,feature_info
ap_model,20,1.8,0.8628040240787238,0.5413616005211527,feature_info
auc_model,21,1.8,0.8833910059556156,0.5823446228209009,feature_info
ap_model,21,1.8,0.8815995275893184,0.5805859972823066,feature_info
auc_model,22,1.8,0.8729574923657404,0.5069589608964299,feature_info
ap_model,22,1.8,0.8710645461756761,0.5052471560654512,feature_info
auc_model,23,1.8,0.8728110428302673,0.5109641446144091,feature_info
ap_model,23,1.8,0.8725008509688235,0.5105163649033688,feature_info
auc_model,24,1.8,0.8638209484690067,0.5252791887868734,feature_info
ap_model,24,1.8,0.8626264512186842,0.5236866800869049,feature_info
auc_model,25,1.8,0.8576434749169348,0.49332927778339875,feature_info
ap_model,25,1.8,0.8566854630173714,0.4923701382681731,feature_info
auc_model,26,1.8,0.8686033321057998,0.4964915153395909,feature_info
ap_model,26,1.8,0.8672267519648247,0.4949086136878144,feature_info
auc_model,27,1.8,0.8608565280604827,0.5101101951844859,feature_info
ap_model,27,1.8,0.8593626054085491,0.5110051175428181,feature_info
auc_model,28,1.8,0.8826593465279866,0.5597749376531973,feature_info
ap_model,28,1.8,0.880703539973315,0.5568838319980116,feature_info
auc_model,29,1.8,0.8714259958791208,0.5089080970179376,feature_info
ap_model,29,1.8,0.8698647836538461,0.5086781122015313,feature_info
auc_model,30,1.8,0.863755037442063,0.5186638656422624,feature_info
ap_model,30,1.8,0.862988054911749,0.5166293034888192,feature_info
auc_model,31,1.8,0.8788581018597803,0.5029347620935801,feature_info
ap_model,31,1.8,0.8785030425500336,0.5026841033799186,feature_info
auc_model,32,1.8,0.8742947290274685,0.5524756763268331,feature_info
ap_model,32,1.8,0.8722035896764051,0.5494758131369428,feature_info
auc_model,33,1.8,0.8756326544655453,0.5578503172754951,feature_info
ap_model,33,1.8,0.8746590133740484,0.5566283253047206,feature_info
auc_model,34,1.8,0.8653412650228209,0.5032389546432401,feature_info
ap_model,34,1.8,0.8653647510416159,0.5039889550728183,feature_info
auc_model,35,1.8,0.8601189356912282,0.49721558537151606,feature_info
ap_model,35,1.8,0.8586919835040042,0.49703857366797066,feature_info
auc_model,36,1.8,0.8738279683694586,0.5187034568774997,feature_info
ap_model,36,1.8,0.8714921942660249,0.5161314349786363,feature_info
auc_model,37,1.8,0.8731855473525527,0.5112222006919188,feature_info
ap_model,37,1.8,0.8718704429797481,0.5098659552349502,feature_info
auc_model,38,1.8,0.8793283265050112,0.5334611383202618,feature_info
ap_model,38,1.8,0.8772353865705413,0.5317477269202658,feature_info
auc_model,39,1.8,0.8778828366401041,0.551452487972645,feature_info
ap_model,39,1.8,0.8752685057190871,0.5518605974402483,feature_info
