depth,l2_leaf_reg,feature,importance
2,1,x00,2.3094269869452764
2,1,x01,3.0528706121999902
2,1,x02,0.5632852543565219
2,1,x03,3.3029516437446684
2,1,x04,1.4440561831553334
2,1,x05,6.062965891603848
2,1,x06,7.018821660265705
2,1,x07,0.6646723338061462
2,1,x08,0.365957017992537
2,1,x09,1.603137694838918
2,1,x10,2.154030668799005
2,1,x11,1.8057957995727718
2,1,x12,1.2460437734623757
2,1,x13,1.40528301606487
2,1,x14,1.491660445630981
2,1,x15,1.8752134950535524
2,1,x16,0.1696988938039597
2,1,x17,6.925023415416334
2,1,x18,5.519263077550544
2,1,x19,5.522815450184074
2,1,x20,0.26749337079061336
2,1,x21,3.6989475567136325
2,1,x22,0.3255426073886408
2,1,x23,0.5603354853868607
2,1,x24,6.184281118835616
2,1,x25,3.414965095712088
2,1,x26,1.898417186085173
2,1,x27,1.6795547987417816
2,1,x28,1.2032546254400265
2,1,x29,0.9455252799459692
2,1,x30,0.7425271624391003
2,1,x31,3.5917055514015757
2,1,x32,4.617487847120474
2,1,x33,2.580528620526577
2,1,x34,3.8410663291498754
2,1,x35,2.3088975043870237
2,1,x36,2.5446743794935953
2,1,x37,0.752791338215924
2,1,x38,1.6988073164016888
2,1,x39,2.640223511376332
2,3,x00,2.1722931150992566
2,3,x01,2.6913660934125403
2,3,x02,0.32307882570017554
2,3,x03,3.5807863298113767
2,3,x04,0.2140185006759325
2,3,x05,9.001609615540602
2,3,x06,6.2651202646416
2,3,x07,0.5032256412323348
2,3,x08,0.6177130059751773
2,3,x09,1.5290430111526152
2,3,x10,2.0512311831520784
2,3,x11,1.5123582466668797
2,3,x12,1.0185640432097758
2,3,x13,2.081178792646149
2,3,x14,1.7617153039170035
2,3,x15,0.6010791408819568
2,3,x16,0.2079275418451965
2,3,x17,9.912903736595121
2,3,x18,5.859670858369798
2,3,x19,7.464407811204676
2,3,x20,0.5937631068764808
2,3,x21,4.614352221772663
2,3,x22,0.6250410179527791
2,3,x23,0.32602364733027867
2,3,x24,2.6252193969232147
2,3,x25,3.8048020136437937
2,3,x26,1.8986144123696198
2,3,x27,1.4832953429669753
2,3,x28,0.9103062921433237
2,3,x29,1.1637289189088433
2,3,x30,1.4242033736656425
2,3,x31,3.917607703955709
2,3,x32,3.0720058342362697
2,3,x33,2.700086102101659
2,3,x34,2.9750821486536494
2,3,x35,1.55710224746382
2,3,x36,2.1436719841505445
2,3,x37,0.4629160309321383
2,3,x38,1.944202315041069
2,3,x39,2.3886848271812924
2,10,x00,1.865574077198314
2,10,x01,2.488527019957114
2,10,x02,0.7711130015333427
2,10,x03,4.130170407894576
2,10,x04,0.421480192092729
2,10,x05,14.923237674762735
2,10,x06,4.505755474860837
2,10,x07,1.5232066057708757
2,10,x08,0.47307997966169246
2,10,x09,2.324071250554273
2,10,x10,1.7183218725066636
2,10,x11,1.1392770404863868
2,10,x12,0.8922464788657946
2,10,x13,1.2980536493353567
2,10,x14,0.7892838229978497
2,10,x15,0.757743369468018
2,10,x16,0.1137806854251147
2,10,x17,8.523084353899614
2,10,x18,9.013893292364523
2,10,x19,8.854096159989673
2,10,x20,1.3261874810248022
2,10,x21,3.297640328256154
2,10,x22,0.540101387199766
2,10,x23,0.4752302622385625
2,10,x24,2.287289685592215
2,10,x25,4.8567724150656
2,10,x26,0.7212206469992996
2,10,x27,1.4244862943090768
2,10,x28,1.6664755376078175
2,10,x29,0.46112069851298393
2,10,x30,2.760104562078716
2,10,x31,5.697597341350982
2,10,x32,1.0823708565697927
2,10,x33,2.052009724538967
2,10,x34,0.48968657992592035
2,10,x35,0.5951195206558004
2,10,x36,0.9330454372894376
2,10,x37,0.6269586299978994
2,10,x38,1.15317166003981
2,10,x39,1.027414541120919
2,30,x00,1.6650814486421628
2,30,x01,3.341368747492981
2,30,x02,0.3260577226190012
2,30,x03,2.0573782266369367
2,30,x04,0.1305247303985117
2,30,x05,20.42380561119174
2,30,x06,3.5817029199136927
2,30,x07,1.2392089156066037
2,30,x08,1.198731118874485
2,30,x09,3.477590294738047
2,30,x10,1.5378426812325208
2,30,x11,1.0655419046122787
2,30,x12,0.8651099715345587
2,30,x13,1.1617032414377362
2,30,x14,1.4096054939931133
2,30,x15,0.12415127679894321
2,30,x16,0.122104053094859
2,30,x17,7.461691944537935
2,30,x18,11.282702720115237
2,30,x19,7.6822508596130055
2,30,x20,1.729967695617524
2,30,x21,2.9340690139005288
2,30,x22,0.7456133592569815
2,30,x23,0.6262400405541931
2,30,x24,2.00008456474035
2,30,x25,2.1656037027567385
2,30,x26,0.8956933773409361
2,30,x27,1.0158776209544425
2,30,x28,1.1107461618931358
2,30,x29,0.7169381627955345
2,30,x30,2.6674126843273065
2,30,x31,4.801282110441001
2,30,x32,2.1540949341924964
2,30,x33,2.0437130177457674
2,30,x34,0.6101437487342918
2,30,x35,0.36964268135471195
2,30,x36,0.5443355286587863
2,30,x37,0.9312075226259122
2,30,x38,1.5909051816874926
2,30,x39,0.1922750073374913
2,100,x00,0.8017312167964878
2,100,x01,2.3683952154453474
2,100,x02,1.7330699762508566
2,100,x03,1.8836472610191373
2,100,x04,0.6894667077223631
2,100,x05,21.478050109617964
2,100,x06,5.1845086430402985
2,100,x07,0.7245124435316476
2,100,x08,2.3492224800854955
2,100,x09,4.93856350727976
2,100,x10,0.5176410923918444
2,100,x11,0.6120112223602641
2,100,x12,1.4186047930304218
2,100,x13,1.451096908484593
2,100,x14,2.746400085229412
2,100,x15,0.30351117639536995
2,100,x16,0.2620090538768535
2,100,x17,3.2642228204889965
2,100,x18,12.529833536989758
2,100,x19,4.644506492833824
2,100,x20,1.4728074417171817
2,100,x21,3.1912338700128524
2,100,x22,0.9915821000559751
2,100,x23,2.044418487598713
2,100,x24,2.83820288670289
2,100,x25,0.36667793469576565
2,100,x26,0.13964358562182697
2,100,x27,1.1901092292697018
2,100,x28,1.9264844371437675
2,100,x29,0.5815625109803534
2,100,x30,1.91777614019686
2,100,x31,1.9107351592949613
2,100,x32,2.8650641359552456
2,100,x33,1.6288768659266104
2,100,x34,1.4152333046665275
2,100,x35,0.060291458846981165
2,100,x36,3.783980339973095
2,100,x37,1.0869396242853941
2,100,x38,0.6873757441846142
2,100,x39,0.0
3,1,x00,3.5428453376682265
3,1,x01,1.7674575240018124
3,1,x02,1.3325552981782596
3,1,x03,4.7390247303041475
3,1,x04,1.2453066275954525
3,1,x05,4.633823537100239
3,1,x06,4.899482219507913
3,1,x07,2.3266801673980746
3,1,x08,0.25836795645432137
3,1,x09,1.437130164222012
3,1,x10,2.5451901269586537
3,1,x11,0.9742838546129264
3,1,x12,2.3175530141086376
3,1,x13,2.9154904161358712
3,1,x14,2.2638863750501685
3,1,x15,2.655732387711326
3,1,x16,0.926041465437663
3,1,x17,5.871604325867738
3,1,x18,4.131448348511981
3,1,x19,3.23593035323227
3,1,x20,2.2744777896604287
3,1,x21,2.9671494989096563
3,1,x22,1.4796160407294283
3,1,x23,0.772706773090489
3,1,x24,4.73612429334293
3,1,x25,3.1535605560498867
3,1,x26,1.0451763170705004
3,1,x27,1.7683908120483678
3,1,x28,2.206017549368641
3,1,x29,1.5803978458080687
3,1,x30,2.9373508038577536
3,1,x31,2.1808729448845634
3,1,x32,2.169543775942421
3,1,x33,2.8331880356097483
3,1,x34,3.26981719548744
3,1,x35,1.9520557478360443
3,1,x36,3.1273557977849773
3,1,x37,1.2719096248607402
3,1,x38,2.3989348634345555
3,1,x39,1.8555195041657002
3,3,x00,1.90146806273711
3,3,x01,2.5819942816040906
3,3,x02,0.7523467411931755
3,3,x03,4.147830098951734
3,3,x04,0.2810543337283151
3,3,x05,8.032375426467821
3,3,x06,6.593421683254298
3,3,x07,1.71064380076936
3,3,x08,0.3528872997570001
3,3,x09,1.800584203715028
3,3,x10,2.3868347425975007
3,3,x11,1.6971096606103198
3,3,x12,1.8432106120153553
3,3,x13,1.1910494614473406
3,3,x14,2.386938633474464
3,3,x15,1.8640425806308343
3,3,x16,0.9387544663048975
3,3,x17,5.54228331188576
3,3,x18,6.158941208245526
3,3,x19,6.827925793004008
3,3,x20,1.1110479582494421
3,3,x21,4.694640398046045
3,3,x22,0.553928437419926
3,3,x23,0.6153618260300778
3,3,x24,3.003405516709226
3,3,x25,3.3892446387064674
3,3,x26,0.4108716657047049
3,3,x27,2.6093953603535565
3,3,x28,1.5223790339970962
3,3,x29,1.7439658201453245
3,3,x30,1.1793199038642925
3,3,x31,3.314263306408671
3,3,x32,2.0942771028774296
3,3,x33,1.8088855208135004
3,3,x34,2.8132094856446326
3,3,x35,2.005839357267092
3,3,x36,2.5755543216802663
3,3,x37,0.6082366673890721
3,3,x38,2.092591794786954
3,3,x39,2.861885481512245
3,10,x00,1.4493080511826624
3,10,x01,2.412212273699458
3,10,x02,0.8533552392678773
3,10,x03,4.974710179935946
3,10,x04,0.14813996426011508
3,10,x05,12.818763311887498
3,10,x06,4.399267410108725
3,10,x07,1.885693444657163
3,10,x08,0.7419569775271077
3,10,x09,2.64663872803286
3,10,x10,1.5887280876012746
3,10,x11,1.0467366361399322
3,10,x12,1.0901351547976557
3,10,x13,1.4870113553640232
3,10,x14,1.4995147959926347
3,10,x15,1.3321329725479523
3,10,x16,0.7135664748868512
3,10,x17,5.761257457703575
3,10,x18,8.498552353036498
3,10,x19,7.223085984720028
3,10,x20,1.0070608734169073
3,10,x21,3.9568949235796014
3,10,x22,1.0780473962776058
3,10,x23,0.5829156216174254
3,10,x24,2.354958973012093
3,10,x25,3.2159043074722384
3,10,x26,0.18411233977283661
3,10,x27,3.0924822244335455
3,10,x28,2.0777692455463455
3,10,x29,1.346874526500457
3,10,x30,3.002101999582753
3,10,x31,4.013258230848973
3,10,x32,1.9263110274342883
3,10,x33,2.167777978680613
3,10,x34,1.1071237811574475
3,10,x35,0.8223195223435138
3,10,x36,2.2600034175116677
3,10,x37,0.37864975667496614
3,10,x38,1.7728665063877975
3,10,x39,1.081800494399105
3,30,x00,1.4798787483708107
3,30,x01,1.6964593583261693
3,30,x02,0.7362488367072527
3,30,x03,3.173967718577806
3,30,x04,0.10942836041349706
3,30,x05,15.943606164154167
3,30,x06,5.311807737847347
3,30,x07,1.5245531550786282
3,30,x08,0.5310691380339065
3,30,x09,4.567655387226827
3,30,x10,1.937487760789921
3,30,x11,1.10433912557454
3,30,x12,2.834705672876306
3,30,x13,0.8637641347446163
3,30,x14,0.6620267409076616
3,30,x15,0.5752520095827995
3,30,x16,0.7422950986058882
3,30,x17,4.347957787621613
3,30,x18,9.688600763882382
3,30,x19,4.84331329781048
3,30,x20,0.8913928022740433
3,30,x21,3.396835148245368
3,30,x22,2.1035563213618476
3,30,x23,0.48631995587436455
3,30,x24,2.6686361676963184
3,30,x25,2.3715537163394376
3,30,x26,0.2549117579103389
3,30,x27,3.315768647553274
3,30,x28,4.180817448630186
3,30,x29,1.2690712846540113
3,30,x30,0.7881461756977985
3,30,x31,3.6485677661324383
3,30,x32,3.006510799773759
3,30,x33,1.6540895016336619
3,30,x34,0.8861460030388686
3,30,x35,1.340495588088377
3,30,x36,1.8047525395259647
3,30,x37,1.1251744191977238
3,30,x38,1.6545104483492152
3,30,x39,0.47832651089037576
3,100,x00,3.0583101495370166
3,100,x01,1.6865352111251215
3,100,x02,2.0799331161214627
3,100,x03,2.1656110093022156
3,100,x04,0.18996266848682422
3,100,x05,16.370640695537205
3,100,x06,3.273852042813394
3,100,x07,1.837461273467538
3,100,x08,0.7759556039119869
3,100,x09,5.682934060095925
3,100,x10,2.2055955417430058
3,100,x11,1.9065890669542458
3,100,x12,1.1959699549983343
3,100,x13,3.5728278627744006
3,100,x14,0.5828818481300561
3,100,x15,1.6973356912653794
3,100,x16,1.5178086682145318
3,100,x17,2.111540267869556
3,100,x18,9.850156379581916
3,100,x19,3.4890295576427026
3,100,x20,0.3225492560887261
3,100,x21,1.884239585928071
3,100,x22,1.7911445571080074
3,100,x23,1.6300709543139897
3,100,x24,1.5529117819471243
3,100,x25,1.993525953663687
3,100,x26,0.8018416211306226
3,100,x27,3.4777293327905987
3,100,x28,1.733877347954784
3,100,x29,1.0947861876283436
3,100,x30,2.390343844585089
3,100,x31,3.2394481226735095
3,100,x32,2.9505495349895927
3,100,x33,1.5850257304143338
3,100,x34,0.7282725390386817
3,100,x35,2.679177026999783
3,100,x36,1.4667506997629296
3,100,x37,0.9923790259239176
3,100,x38,2.076060794098214
3,100,x39,0.35838543338714807
4,1,x00,3.3549936152386426
4,1,x01,2.1542157998234743
4,1,x02,1.696319060824149
4,1,x03,4.328505705348039
4,1,x04,2.1360480462611413
4,1,x05,4.666163409684489
4,1,x06,3.6184792908098022
4,1,x07,1.4154676869649285
4,1,x08,1.1786771056486738
4,1,x09,1.604755586502692
4,1,x10,3.143851836777229
4,1,x11,2.2181560684423425
4,1,x12,1.7478317133381698
4,1,x13,2.0116845517727184
4,1,x14,1.8724718589310645
4,1,x15,2.1526684045380833
4,1,x16,1.1990641175567232
4,1,x17,4.6085091982583775
4,1,x18,4.779396773407495
4,1,x19,3.7802454247433324
4,1,x20,2.3123954715444257
4,1,x21,3.206565157581348
4,1,x22,1.8603992667546772
4,1,x23,0.45489329235903975
4,1,x24,2.9445312950344062
4,1,x25,2.8296733889592485
4,1,x26,2.071674594112588
4,1,x27,3.411123107185965
4,1,x28,2.2407687678103962
4,1,x29,0.7934887683275451
4,1,x30,2.3534654285369285
4,1,x31,2.3205060516919347
4,1,x32,1.6982893997167015
4,1,x33,2.1432937382577713
4,1,x34,2.7383291231217366
4,1,x35,1.7263623338270968
4,1,x36,3.847841639870866
4,1,x37,1.4818942380671223
4,1,x38,2.4759209061416607
4,1,x39,3.4210787762269885
4,3,x00,2.8669915354957682
4,3,x01,2.1745648321716127
4,3,x02,0.8137028346607772
4,3,x03,3.0564755334266582
4,3,x04,1.5385717292257617
4,3,x05,6.681984956483628
4,3,x06,3.8484407681774306
4,3,x07,1.7536412576517393
4,3,x08,1.2829176440603465
4,3,x09,1.7221343798862383
4,3,x10,2.133819790563593
4,3,x11,2.9137320481800866
4,3,x12,1.333317089962131
4,3,x13,1.4904644538747036
4,3,x14,2.043821068421236
4,3,x15,1.6527117654510723
4,3,x16,1.470168583436498
4,3,x17,4.9692765166352775
4,3,x18,6.029328118870076
4,3,x19,4.130951133227898
4,3,x20,1.5891739034657142
4,3,x21,4.340403216265987
4,3,x22,2.1751268028414232
4,3,x23,0.7518900812097257
4,3,x24,4.051402979017283
4,3,x25,3.142495484536567
4,3,x26,1.3695331839485076
4,3,x27,3.343828935034485
4,3,x28,2.1695581442384797
4,3,x29,1.2441572427552665
4,3,x30,2.295102868757357
4,3,x31,3.60338278627611
4,3,x32,1.564499102745589
4,3,x33,2.0356812422430504
4,3,x34,1.9130272239267592
4,3,x35,1.1362956098392216
4,3,x36,2.7596372438390007
4,3,x37,1.8725543739096648
4,3,x38,2.6280623442407105
4,3,x39,2.1071711910465676
4,10,x00,2.808619960078545
4,10,x01,1.8147360885115544
4,10,x02,0.9450814102630443
4,10,x03,4.001259794428369
4,10,x04,1.0302456216592382
4,10,x05,10.300881546222252
4,10,x06,2.8671858905722827
4,10,x07,3.1082089690115904
4,10,x08,1.0745213378159122
4,10,x09,2.2015121592787392
4,10,x10,2.0727995316742263
4,10,x11,2.198659933660826
4,10,x12,1.6471680785626268
4,10,x13,2.24273378572257
4,10,x14,1.3932577002636333
4,10,x15,1.9921938476807233
4,10,x16,1.3320593270191714
4,10,x17,4.80961618433309
4,10,x18,7.081069540471547
4,10,x19,4.32792855009753
4,10,x20,1.5059661707733802
4,10,x21,4.428721571267926
4,10,x22,1.8787802962623152
4,10,x23,0.6718978277460518
4,10,x24,3.3200576898282566
4,10,x25,3.934149115353057
4,10,x26,1.507284292692041
4,10,x27,1.6854417817340628
4,10,x28,1.4167296612389721
4,10,x29,1.0718824447954851
4,10,x30,3.196057333121464
4,10,x31,5.039815131718468
4,10,x32,1.4504100037264178
4,10,x33,1.7837146590501147
4,10,x34,0.5842959549850052
4,10,x35,1.0572686294150466
4,10,x36,1.811316186823349
4,10,x37,1.4779307908183357
4,10,x38,1.7948052707708917
4,10,x39,1.133735930551905
4,30,x00,1.8999125134034125
4,30,x01,1.344266593836692
4,30,x02,1.294796014692078
4,30,x03,3.0500100161436583
4,30,x04,0.21405776201467355
4,30,x05,12.040188385459592
4,30,x06,4.491061577837176
4,30,x07,3.2218486312271546
4,30,x08,1.6109544468228751
4,30,x09,3.218874130596899
4,30,x10,1.8312284112174149
4,30,x11,1.6736509013954974
4,30,x12,1.1526422052129663
4,30,x13,2.7916786846105617
4,30,x14,1.7364588243685484
4,30,x15,2.4491330687558905
4,30,x16,0.7157968227750605
4,30,x17,4.2983688664325745
4,30,x18,8.796682728147617
4,30,x19,3.7285043459115284
4,30,x20,2.2809322752777113
4,30,x21,3.011429112380709
4,30,x22,2.3289480115580097
4,30,x23,0.9116791856624263
4,30,x24,2.541452803473425
4,30,x25,2.5205398721703887
4,30,x26,1.1556440996671216
4,30,x27,2.101633019175073
4,30,x28,2.9671087046498767
4,30,x29,1.045783077881627
4,30,x30,1.9057257464399309
4,30,x31,3.845190103467775
4,30,x32,2.524298399631229
4,30,x33,1.662124349921183
4,30,x34,1.2980279097076366
4,30,x35,1.488849376356473
4,30,x36,1.6303166699389688
4,30,x37,1.6152237881274814
4,30,x38,1.1985131146337191
4,30,x39,0.4064654490173414
4,100,x00,1.3795864516536325
4,100,x01,0.8398807389781647
4,100,x02,3.6140773025228783
4,100,x03,3.1307105630440053
4,100,x04,0.47361596989269183
4,100,x05,9.38449689628568
4,100,x06,3.9168316794619584
4,100,x07,2.381833882434161
4,100,x08,2.833337177806674
4,100,x09,3.8494229904509054
4,100,x10,3.0955902172389984
4,100,x11,1.7897892859746292
4,100,x12,1.5110805380933172
4,100,x13,2.989600296365608
4,100,x14,3.473514463186789
4,100,x15,4.08328872682271
4,100,x16,0.47570305903402105
4,100,x17,3.037772778866103
4,100,x18,7.178474979095434
4,100,x19,1.8348558871866325
4,100,x20,1.8092288874695854
4,100,x21,2.6208614681528757
4,100,x22,2.9784937058329914
4,100,x23,2.245541314881539
4,100,x24,2.4606208612771137
4,100,x25,3.433446442620062
4,100,x26,3.0333566639841867
4,100,x27,1.9348569038712133
4,100,x28,1.3679266186107786
4,100,x29,1.451583209833204
4,100,x30,1.7764843619971606
4,100,x31,1.7609733344195604
4,100,x32,1.8331325589918044
4,100,x33,1.964552626577399
4,100,x34,1.8443133879505635
4,100,x35,1.8846411585846623
4,100,x36,0.6783619006327595
4,100,x37,2.0874598221758016
4,100,x38,0.9336225102689854
4,100,x39,0.6270783774727202
5,1,x00,3.5644853069669655
5,1,x01,1.9010045119388657
5,1,x02,1.2017577498271452
5,1,x03,4.265346151978999
5,1,x04,1.1674295538374209
5,1,x05,4.80101968299939
5,1,x06,3.0267635584654986
5,1,x07,3.0223760090343954
5,1,x08,1.3345878109602092
5,1,x09,2.066070887120592
5,1,x10,1.5537408860440938
5,1,x11,2.7822508376331174
5,1,x12,2.6626013524473127
5,1,x13,1.5406883192708254
5,1,x14,2.4129354200842723
5,1,x15,0.8445034835631066
5,1,x16,1.886383547382448
5,1,x17,2.7158816893804194
5,1,x18,5.13784063643117
5,1,x19,2.575587913064378
5,1,x20,2.3236353652685504
5,1,x21,3.0668351879427553
5,1,x22,2.2615097655868577
5,1,x23,1.0868775447610357
5,1,x24,4.2029252511916235
5,1,x25,2.371684860282087
5,1,x26,1.3089365062753744
5,1,x27,4.514549521830527
5,1,x28,2.1528657595837144
5,1,x29,1.6923267248088691
5,1,x30,2.92719884056709
5,1,x31,2.404095505062158
5,1,x32,2.056069161260797
5,1,x33,3.1029632777548026
5,1,x34,2.5806066846018583
5,1,x35,1.1369959376493446
5,1,x36,2.9036605776801636
5,1,x37,2.5496710264745475
5,1,x38,3.0510683193034986
5,1,x39,1.8422688736837394
5,3,x00,2.7165033654367674
5,3,x01,1.7005027752790034
5,3,x02,1.4889084272092739
5,3,x03,2.947022083827122
5,3,x04,1.3327251982180228
5,3,x05,6.6460196074205
5,3,x06,2.6918333694649585
5,3,x07,1.5657390103704352
5,3,x08,0.909192419681288
5,3,x09,2.404035556193013
5,3,x10,1.5149634911724266
5,3,x11,2.8769808078114796
5,3,x12,1.8625047353223902
5,3,x13,1.9383403168174829
5,3,x14,3.0316700601340187
5,3,x15,0.5415148398136883
5,3,x16,1.028396576604803
5,3,x17,3.467294177675433
5,3,x18,5.614206876288635
5,3,x19,3.3449171639833697
5,3,x20,1.5908506245696172
5,3,x21,3.430251543383443
5,3,x22,2.582232497754047
5,3,x23,0.5991885462535003
5,3,x24,4.299348161121232
5,3,x25,2.7520201894806826
5,3,x26,2.1001219536203464
5,3,x27,5.410998037753148
5,3,x28,1.762995613924234
5,3,x29,1.0239553298966146
5,3,x30,2.1536761365338495
5,3,x31,4.105050536221561
5,3,x32,2.083630281223244
5,3,x33,3.4461152236634325
5,3,x34,1.6759549500951934
5,3,x35,0.817222492633406
5,3,x36,3.0562662034979904
5,3,x37,2.3762421573720376
5,3,x38,2.472560144608626
5,3,x39,2.6380485176696555
5,10,x00,3.499062449056129
5,10,x01,1.3308512780168635
5,10,x02,1.3894043304095154
5,10,x03,3.753717226589903
5,10,x04,0.830305682863154
5,10,x05,8.679782501744592
5,10,x06,3.514108608649348
5,10,x07,2.3931677356017107
5,10,x08,1.3999490621803703
5,10,x09,2.80429898345987
5,10,x10,1.652581373594363
5,10,x11,1.7490768698689991
5,10,x12,2.388783949695134
5,10,x13,1.9796889231603607
5,10,x14,2.651525043794226
5,10,x15,0.3850900657537352
5,10,x16,1.6119048802392453
5,10,x17,3.710652094135379
5,10,x18,6.336960358064663
5,10,x19,3.1743488802918973
5,10,x20,0.6471879993535473
5,10,x21,4.590286334075535
5,10,x22,2.2049663049351613
5,10,x23,0.36661069608110697
5,10,x24,3.378903004213787
5,10,x25,2.5711809199532243
5,10,x26,1.7300053703771001
5,10,x27,3.6078595528028874
5,10,x28,1.9299857285260276
5,10,x29,0.5060872695932668
5,10,x30,2.8952922221440263
5,10,x31,3.136018353461958
5,10,x32,1.9890870185727823
5,10,x33,3.891945813797617
5,10,x34,1.9813357496908628
5,10,x35,0.6279896128695098
5,10,x36,2.4695836332823142
5,10,x37,2.28475105546345
5,10,x38,2.6529820777607145
5,10,x39,1.302680985875645
5,30,x00,3.21922018993258
5,30,x01,1.052333168373049
5,30,x02,1.4961759808519755
5,30,x03,3.4232077825951652
5,30,x04,1.5574188003424512
5,30,x05,9.161050966088652
5,30,x06,3.9467150098182784
5,30,x07,3.323233527064202
5,30,x08,1.1025609527093807
5,30,x09,3.861328185223871
5,30,x10,1.3155848956551657
5,30,x11,1.5809581972333147
5,30,x12,2.1457881628359856
5,30,x13,2.199862021150284
5,30,x14,2.134338378844327
5,30,x15,0.7410991191394173
5,30,x16,1.5394907262477513
5,30,x17,2.9611094596580854
5,30,x18,7.25455755073602
5,30,x19,3.3899108148508397
5,30,x20,0.8476911628014322
5,30,x21,3.4066287847899264
5,30,x22,3.3622856765065294
5,30,x23,1.0945734750345086
5,30,x24,2.3078302801044686
5,30,x25,3.122287870858858
5,30,x26,0.960755170677002
5,30,x27,3.900193423364365
5,30,x28,3.4162622086593206
5,30,x29,0.5480739678140615
5,30,x30,2.0759978030591406
5,30,x31,2.800292014041887
5,30,x32,2.161030464727805
5,30,x33,3.238715271771742
5,30,x34,1.5785593872663457
5,30,x35,0.6659196724488609
5,30,x36,1.7240556272715577
5,30,x37,2.030735384062965
5,30,x38,2.527111248280166
5,30,x39,0.8250572171082655
5,100,x00,4.568454880960355
5,100,x01,1.2614973486443548
5,100,x02,2.9418073364015545
5,100,x03,2.818120647012677
5,100,x04,2.894932701186315
5,100,x05,7.541173998317055
5,100,x06,2.379292981920406
5,100,x07,4.284292975300462
5,100,x08,1.3693805785811617
5,100,x09,4.578083052539202
5,100,x10,1.307975490251338
5,100,x11,1.5224032055023644
5,100,x12,3.2782511097395166
5,100,x13,2.4176302111705263
5,100,x14,2.680692528304712
5,100,x15,0.7776354508573855
5,100,x16,1.2458363036747588
5,100,x17,1.9769843551644437
5,100,x18,5.730097521634003
5,100,x19,3.5126245337521094
5,100,x20,1.2504479756124056
5,100,x21,2.5887196806351613
5,100,x22,2.9638311603078837
5,100,x23,1.5876413410009256
5,100,x24,1.2857290952102869
5,100,x25,1.3420360353170602
5,100,x26,1.5750440119695883
5,100,x27,3.6512342908078126
5,100,x28,1.635575415734654
5,100,x29,0.827799732415801
5,100,x30,3.0789467873918586
5,100,x31,3.823266828771356
5,100,x32,1.5477964046658477
5,100,x33,4.340053183895323
5,100,x34,1.762399680366555
5,100,x35,1.110138912521789
5,100,x36,0.8067350780873335
5,100,x37,3.2537344455450476
5,100,x38,1.4743241257019823
5,100,x39,1.0073786031266132
6,1,x00,3.2688821108073545
6,1,x01,2.0117341981429213
6,1,x02,1.4675249855574661
6,1,x03,4.331867846618115
6,1,x04,1.0779108046265569
6,1,x05,4.819155797271357
6,1,x06,2.2937088395127336
6,1,x07,2.838404528174038
6,1,x08,0.9999966283004988
6,1,x09,1.4971125173896276
6,1,x10,2.339788641519976
6,1,x11,2.0008787668847203
6,1,x12,2.2360403045873025
6,1,x13,2.7358500521163145
6,1,x14,1.8273238685236546
6,1,x15,1.3459647198395914
6,1,x16,1.2991254932865874
6,1,x17,3.772666344793473
6,1,x18,4.244865041239256
6,1,x19,4.346021769116327
6,1,x20,2.863436392311845
6,1,x21,3.6927613310445295
6,1,x22,2.216256398829393
6,1,x23,1.3104112821932494
6,1,x24,3.535081481607602
6,1,x25,2.794198849748791
6,1,x26,1.1870885987075164
6,1,x27,3.565783269945572
6,1,x28,2.587689903140119
6,1,x29,1.4503802524010294
6,1,x30,2.0072084451108867
6,1,x31,2.536674717939043
6,1,x32,2.5704312912680565
6,1,x33,2.328525541884921
6,1,x34,2.390668318752751
6,1,x35,1.724402695065837
6,1,x36,2.8243971185576
6,1,x37,1.9217917014323316
6,1,x38,2.869274537392188
6,1,x39,2.8687146143588844
6,3,x00,3.237146688030912
6,3,x01,2.0096159446298074
6,3,x02,1.8434091917582227
6,3,x03,3.9987702673127083
6,3,x04,1.0841213028561585
6,3,x05,5.899582280721247
6,3,x06,3.0038744776149082
6,3,x07,1.7390221015548177
6,3,x08,0.7843631268593089
6,3,x09,3.119565874756377
6,3,x10,2.6975878423468074
6,3,x11,2.447634745967198
6,3,x12,2.0810683086273287
6,3,x13,2.177629741581989
6,3,x14,2.058617614408629
6,3,x15,1.6835271626591026
6,3,x16,1.4713034532950462
6,3,x17,4.242324734668247
6,3,x18,3.919844314030456
6,3,x19,4.016650727680053
6,3,x20,2.1134054273080563
6,3,x21,4.594630724486395
6,3,x22,2.3803721743679285
6,3,x23,1.3685021252882634
6,3,x24,3.51249395837919
6,3,x25,3.073042415491838
6,3,x26,1.7609369712668845
6,3,x27,3.1462006319691103
6,3,x28,2.2639220568889127
6,3,x29,0.9393947016629136
6,3,x30,1.3890282702784316
6,3,x31,2.3911190489299585
6,3,x32,1.8149820688616771
6,3,x33,1.847502355535843
6,3,x34,2.3574365995731466
6,3,x35,2.0684960678030477
6,3,x36,2.56145804836369
6,3,x37,1.7076251251890047
6,3,x38,2.792884378649071
6,3,x39,2.4009069483473
6,10,x00,1.8855143965343801
6,10,x01,1.934679307946815
6,10,x02,1.6172255430154485
6,10,x03,3.0802612958665625
6,10,x04,0.9405027767319019
6,10,x05,9.372534110071273
6,10,x06,2.222558423246331
6,10,x07,2.0921484654115616
6,10,x08,1.0551127350393559
6,10,x09,2.4032644360346636
6,10,x10,3.099108278663637
6,10,x11,2.193689513547566
6,10,x12,2.813921280801341
6,10,x13,2.3384797975643186
6,10,x14,2.1577825688981163
6,10,x15,1.3171788248839909
6,10,x16,1.6169487609888062
6,10,x17,4.124330168280206
6,10,x18,5.0507312326289115
6,10,x19,2.772051436501503
6,10,x20,1.6850898539594439
6,10,x21,3.7160226467197197
6,10,x22,2.534312566674929
6,10,x23,1.5546923365106857
6,10,x24,4.009751771792674
6,10,x25,2.3845401037562652
6,10,x26,1.4083038216214747
6,10,x27,3.4440596196121516
6,10,x28,2.973249689100244
6,10,x29,0.8572000219626151
6,10,x30,2.647072230457825
6,10,x31,3.367426939594402
6,10,x32,2.0947108382820225
6,10,x33,1.6302153655882157
6,10,x34,1.7115171725571128
6,10,x35,2.27416026387193
6,10,x36,2.762135408370334
6,10,x37,1.5097782568317832
6,10,x38,1.593708981524729
6,10,x39,1.7540287585547407
6,30,x00,2.998138555106782
6,30,x01,1.729133944523052
6,30,x02,2.9276559682947614
6,30,x03,3.5244620805803146
6,30,x04,1.1896677453357387
6,30,x05,7.959208620677677
6,30,x06,3.0295521626044537
6,30,x07,2.0259975837910895
6,30,x08,1.5559798582670017
6,30,x09,3.610904826769245
6,30,x10,1.6855112846981437
6,30,x11,1.6934877994465205
6,30,x12,1.9678052206728531
6,30,x13,2.4155999281252307
6,30,x14,1.056276562555137
6,30,x15,1.001460081289023
6,30,x16,1.6599774011543036
6,30,x17,3.1979786556181935
6,30,x18,5.49109393614718
6,30,x19,3.1777625603237594
6,30,x20,1.6105255733640884
6,30,x21,3.0559230809013926
6,30,x22,2.3443129352292047
6,30,x23,1.9725871596055862
6,30,x24,3.783890084602089
6,30,x25,3.01986958874619
6,30,x26,2.414021801643455
6,30,x27,3.414976471954439
6,30,x28,3.420831265784571
6,30,x29,0.5516728441936068
6,30,x30,1.081026713344702
6,30,x31,3.805588409382812
6,30,x32,2.241631758415703
6,30,x33,1.8362468721826473
6,30,x34,1.589792858567334
6,30,x35,1.9051306297557526
6,30,x36,1.8153703434807336
6,30,x37,1.4525097569269834
6,30,x38,2.3576034173618927
6,30,x39,2.4288336585763526
6,100,x00,3.0132835425469473
6,100,x01,1.914430341006068
6,100,x02,3.4978037087215865
6,100,x03,3.2507926530315148
6,100,x04,2.1400541977218426
6,100,x05,6.774776734898369
6,100,x06,1.9081382078313118
6,100,x07,1.3673342629208545
6,100,x08,1.156770632450817
6,100,x09,3.7541776667066666
6,100,x10,2.927121278439554
6,100,x11,1.9613149549847373
6,100,x12,1.7743403447478325
6,100,x13,2.9044492880243427
6,100,x14,1.3065126211344542
6,100,x15,1.167335590121447
6,100,x16,1.5967305291504663
6,100,x17,2.8505104280352014
6,100,x18,4.824778758851521
6,100,x19,2.0652709617893903
6,100,x20,2.306575848888103
6,100,x21,1.8904839454469682
6,100,x22,3.041505901477905
6,100,x23,3.645631990309133
6,100,x24,3.1458190743892054
6,100,x25,3.7189237355910745
6,100,x26,1.454352164520774
6,100,x27,5.454735893886548
6,100,x28,2.8471580291759904
6,100,x29,0.8605539070250425
6,100,x30,2.6598600137412993
6,100,x31,2.5441279305542066
6,100,x32,2.1976760782022637
6,100,x33,1.806956462400945
6,100,x34,1.5602511916817186
6,100,x35,2.1094128057521098
6,100,x36,1.0432134658859689
6,100,x37,1.3411364777302905
6,100,x38,2.4913324524985514
6,100,x39,1.724365927726977
8,1,x00,3.1667367838040943
8,1,x01,1.925639572254206
8,1,x02,2.614112974936991
8,1,x03,3.5492405442213415
8,1,x04,2.1566188603103402
8,1,x05,4.043589284451525
8,1,x06,1.9166069925635842
8,1,x07,2.3247184306579403
8,1,x08,1.0665151880517416
8,1,x09,3.281428819490531
8,1,x10,2.541546333355341
8,1,x11,1.9006997274151318
8,1,x12,3.0977832414142292
8,1,x13,2.962210142571536
8,1,x14,2.923169472325162
8,1,x15,1.7204375854974407
8,1,x16,2.313504197089839
8,1,x17,3.5207909305181393
8,1,x18,3.565436128582986
8,1,x19,2.5558784213414123
8,1,x20,2.937214906521206
8,1,x21,3.602082405536604
8,1,x22,2.7980345038053676
8,1,x23,1.3819689900326984
8,1,x24,3.426332805733233
8,1,x25,2.622199325215137
8,1,x26,2.9720673249304506
8,1,x27,2.936323119922529
8,1,x28,2.612743150208191
8,1,x29,1.4703932680050285
8,1,x30,2.4928107348693596
8,1,x31,2.6732540674264578
8,1,x32,1.9621570453400952
8,1,x33,1.9808990460772897
8,1,x34,1.8011106677359257
8,1,x35,1.519807003426257
8,1,x36,2.5740864346842303
8,1,x37,1.5959945273731793
8,1,x38,1.529462797117762
8,1,x39,1.964394245185498
8,3,x00,2.5788840510271194
8,3,x01,2.199826094288772
8,3,x02,1.9633684672602716
8,3,x03,3.449274682676821
8,3,x04,1.5430828855288143
8,3,x05,4.774414553165031
8,3,x06,2.545019911436519
8,3,x07,2.3933884806180274
8,3,x08,1.0768223901003435
8,3,x09,2.906254533572962
8,3,x10,1.7305306456990621
8,3,x11,2.7273467881350544
8,3,x12,2.83548622365279
8,3,x13,2.1584746372013246
8,3,x14,3.0593583147989754
8,3,x15,1.5905463758539453
8,3,x16,2.087472166137506
8,3,x17,3.9405382857088944
8,3,x18,3.8665349640428524
8,3,x19,3.233956836911135
8,3,x20,2.0375671308193377
8,3,x21,3.2986760374938413
8,3,x22,2.6220226798430923
8,3,x23,1.3996349342454661
8,3,x24,3.949249676860076
8,3,x25,2.73459210799452
8,3,x26,2.6869490534214013
8,3,x27,3.019950816979591
8,3,x28,2.7295071917539797
8,3,x29,0.9223307759528907
8,3,x30,2.064390690724249
8,3,x31,3.119507786390062
8,3,x32,1.861388234097139
8,3,x33,2.578513739145618
8,3,x34,2.327384214773266
8,3,x35,1.6761655364855084
8,3,x36,3.3402277779991785
8,3,x37,1.808230269673314
8,3,x38,1.7617274577578388
8,3,x39,1.4014025997734014
8,10,x00,3.18480828396618
8,10,x01,1.8291809163427282
8,10,x02,2.7944301542840035
8,10,x03,3.1032828019716963
8,10,x04,1.451300232659894
8,10,x05,5.736853768170156
8,10,x06,2.4096972653046635
8,10,x07,2.8551657861042044
8,10,x08,1.6338963535503197
8,10,x09,3.7552999796299877
8,10,x10,1.4541019734394218
8,10,x11,1.7886054247221932
8,10,x12,2.5966422595434384
8,10,x13,1.8691668198979194
8,10,x14,2.7089586059582
8,10,x15,1.2170011388083353
8,10,x16,1.7578618083980948
8,10,x17,4.005563066358584
8,10,x18,3.8517472201569998
8,10,x19,3.219649736787994
8,10,x20,1.821563959675542
8,10,x21,3.1586052856240645
8,10,x22,2.1429473719415295
8,10,x23,1.7762691019167605
8,10,x24,3.998617541164293
8,10,x25,2.453067119689202
8,10,x26,2.101407374014423
8,10,x27,3.6937754238860463
8,10,x28,2.5420965963041944
8,10,x29,1.4213166235380383
8,10,x30,2.321689320098927
8,10,x31,3.0313493273725483
8,10,x32,1.9433002747056167
8,10,x33,2.1402992336663083
8,10,x34,2.2635263552368667
8,10,x35,1.6425558859147895
8,10,x36,2.340140617122753
8,10,x37,1.7500576353293473
8,10,x38,2.5116415634705387
8,10,x39,1.7225597932731826
8,30,x00,2.701671965536879
8,30,x01,1.2802158848040104
8,30,x02,2.727826719531031
8,30,x03,3.3341998339984436
8,30,x04,1.2652795768127811
8,30,x05,6.26628811982008
8,30,x06,2.8350936198240535
8,30,x07,3.701704894502556
8,30,x08,1.811091860104733
8,30,x09,3.9882386262871763
8,30,x10,2.066493388448862
8,30,x11,2.826504309672399
8,30,x12,2.721856887448466
8,30,x13,1.9403502613341952
8,30,x14,2.1457807733745375
8,30,x15,1.2303111651298473
8,30,x16,1.9346237264742483
8,30,x17,4.1271603067018745
8,30,x18,4.90367126684148
8,30,x19,2.806461049529386
8,30,x20,2.022432114043553
8,30,x21,3.1308488024078063
8,30,x22,2.420365931517126
8,30,x23,1.7268193332142736
8,30,x24,3.471987682480957
8,30,x25,2.4407208829637415
8,30,x26,2.2464913896069496
8,30,x27,2.617103875045091
8,30,x28,2.7901368844647325
8,30,x29,1.143854976108955
8,30,x30,2.7195074348266903
8,30,x31,1.8962307770938704
8,30,x32,1.8466387011560055
8,30,x33,2.7041840839135354
8,30,x34,2.454080709019298
8,30,x35,1.2338921036950512
8,30,x36,1.651707430888199
8,30,x37,1.4524137053698252
8,30,x38,1.557357995545699
8,30,x39,1.8584009504615535
8,100,x00,3.0438459930500295
8,100,x01,1.3542975754844229
8,100,x02,3.757374014079091
8,100,x03,3.8251778094276485
8,100,x04,1.6676589737889356
8,100,x05,6.0315700062237925
8,100,x06,1.5942744630843266
8,100,x07,3.434906394639433
8,100,x08,1.7241677882945612
8,100,x09,4.214544775347301
8,100,x10,2.6768379994285803
8,100,x11,2.2909729943540698
8,100,x12,2.4469279746275383
8,100,x13,1.9463550246287848
8,100,x14,2.583158725380598
8,100,x15,1.9274875862316947
8,100,x16,1.3844246780642562
8,100,x17,3.2325506030689097
8,100,x18,5.485511782861476
8,100,x19,2.7087625723865867
8,100,x20,1.7872992542641088
8,100,x21,2.7790719914464828
8,100,x22,2.745494513266297
8,100,x23,2.7713330284620796
8,100,x24,3.9528491441741376
8,100,x25,2.7641145645297223
8,100,x26,2.622816412397627
8,100,x27,2.7744698858965844
8,100,x28,2.231662463158962
8,100,x29,1.1632476408953714
8,100,x30,2.3009615817952804
8,100,x31,0.9141177718087579
8,100,x32,1.497338872022065
8,100,x33,1.827311892756018
8,100,x34,1.7818771694079207
8,100,x35,1.1775895255984057
8,100,x36,1.4553253734815441
8,100,x37,2.187486338577603
8,100,x38,1.6803443848027975
8,100,x39,2.2544804568062076
