n_train,repeat,setup,auc,average_precision,brier_score
200,1,logistic,0.5303107093676168,0.011827276392046594,0.009454796575232058
200,1,catboost,0.51625107968374,0.009877296783373287,0.009545313714222074
200,1,hgb,0.5238029626795595,0.010249714206732981,0.0094599355380503
200,1,decision_tree,0.49442893456603215,0.009347308165485547,0.011438449828000088
200,1,figs,0.4984513125942798,0.009416668170393761,0.08387317471686828
200,1,greedy,0.4999965778645328,0.009439936040933803,0.019839999603200098
200,2,logistic,0.5206166142482038,0.010602464807446383,0.009834807052495417
200,2,catboost,0.5248585525909011,0.010590727290514822,0.00991578368391394
200,2,hgb,0.5181563815184729,0.011131412760062263,0.009826779711810786
200,2,decision_tree,0.5002835955630485,0.009805533861148786,0.011823199824400088
200,2,figs,0.500831825357895,0.009817734596230837,0.0844184729624351
200,2,greedy,0.4994971125190128,0.009791107871720117,0.020799999584000098
200,3,logistic,0.5470941060386121,0.011689195531139234,0.010185724778457627
200,3,catboost,0.5354457190567983,0.01119499105735484,0.010266997060201462
200,3,hgb,0.5286287818090063,0.011051636172709012,0.010225178547407864
200,3,decision_tree,0.4929396049691639,0.01003734408588942,0.012197599814800087
200,3,figs,0.5003374441809095,0.010167087867332234,0.08384544768743268
200,3,greedy,0.49612917636891607,0.010133575889220744,0.021679999566400102
200,4,logistic,0.5063019508361657,0.010548931041590015,0.009953879062390685
200,4,catboost,0.5349079807171008,0.010863114299854312,0.010044219522903122
200,4,hgb,0.5239944768229873,0.011311935033813753,0.009966851725386111
200,4,decision_tree,0.49057717069458057,0.009768991887727164,0.011953699818000086
200,4,figs,0.4973338746168442,0.009885629200268815,0.08391938643259429
200,4,greedy,0.4961883171382698,0.00989392835255446,0.021419999571600103
200,5,logistic,0.5474022108810035,0.011406218584797402,0.009771009221598228
200,5,catboost,0.5491612328722414,0.0111992206304236,0.009838793660948779
200,5,hgb,0.5414334384875836,0.011009773059090393,0.00977939626334335
200,5,decision_tree,0.5044447705041353,0.009833134731868714,0.011712799826800088
200,5,figs,0.5006296854981483,0.009753144713810726,0.0836975701971095
200,5,greedy,0.5014509909682525,0.009774984376394964,0.0209599995808001
200,6,logistic,0.5362485808243124,0.010247122204227412,0.009060752177206489
200,6,catboost,0.5330553432314242,0.010248385129592374,0.009151846557781583
200,6,hgb,0.5172731206211737,0.009424872136164816,0.00906400597115675
200,6,decision_tree,0.5096035866576386,0.009224137423842416,0.010961749841200087
200,6,figs,0.5022178318946879,0.009070849469046223,0.08352196567735068
200,6,greedy,0.5001949961155162,0.009023611911225315,0.0195199996096001
200,7,logistic,0.5323873282134196,0.012865584611432787,0.010419354728217279
200,7,catboost,0.5393725903239849,0.012200833627144664,0.010516233841420685
200,7,hgb,0.511110044462409,0.010822796796464517,0.010486097105222306
200,7,decision_tree,0.49612664013432006,0.010326159180830729,0.012435949812000087
200,7,figs,0.5059231391082644,0.010615951417004048,0.0839009017463039
200,7,greedy,0.4993711522915241,0.010388539453180337,0.021059999578800098
200,8,logistic,0.5266436904559187,0.01180724669686969,0.010638652286975185
200,8,catboost,0.5265150931137265,0.011580299496822833,0.010736117086538743
200,8,hgb,0.5087325323371112,0.011012515530903155,0.010685241918333104
200,8,decision_tree,0.499116454791315,0.010601752428592301,0.01258709980880009
200,8,figs,0.5027469884600064,0.010698261701225583,0.0840949909523531
200,8,greedy,0.4998885337424693,0.010617702448210921,0.0218999995620001
200,9,logistic,0.555760167688315,0.011246411779531642,0.00977268914549086
200,9,catboost,0.5629596126643114,0.01208309391178661,0.009855037606499088
200,9,hgb,0.5560831907294502,0.0111343845770393,0.009775631236799781
200,9,decision_tree,0.4880883542873916,0.009563564731837053,0.011798449820400087
200,9,figs,0.5067090629051396,0.009980652090179069,0.08371605488339988
200,9,greedy,0.5029119144077276,0.009826560671261428,0.020079999598400098
200,10,logistic,0.5309553506920097,0.011136583208675777,0.010387082165725255
200,10,catboost,0.5310865104623905,0.01186955780597738,0.010426590473598627
200,10,hgb,0.516304855253503,0.010440547420821674,0.010374985580227399
200,10,decision_tree,0.496060977191594,0.010245760023620269,0.01230044981280009
200,10,figs,0.5004364420666237,0.01032944126742068,0.08371605488339988
200,10,greedy,0.5018813535531648,0.010370578960529606,0.021779999564400094
200,11,logistic,0.5253527468425421,0.010534845617757083,0.009785679399974921
200,11,catboost,0.5260285281309358,0.010615407878349588,0.009857358391300792
200,11,hgb,0.5233955316155121,0.010295253748504478,0.009775251219155024
200,11,decision_tree,0.4862099767546996,0.009547239445589356,0.011761549819200086
200,11,figs,0.5012423468650363,0.009767645986664514,0.08406726392291748
200,11,greedy,0.49859307270888265,0.009719734926264701,0.020579999588400098
200,12,logistic,0.5209104119807727,0.012102311124636648,0.010446711832964525
200,12,catboost,0.5123028865803432,0.01089018536241282,0.010551414638946554
200,12,hgb,0.5104303100615638,0.011516066285347445,0.01047323414428219
200,12,decision_tree,0.48249212196790425,0.010201503106198459,0.012518249805200084
200,12,figs,0.5016154089305375,0.010480063760934903,0.0843445342172735
200,12,greedy,0.4991706132328018,0.01042537026792605,0.021459999570800102
200,13,logistic,0.5457997124429926,0.011401375631702569,0.009871641590047074
200,13,catboost,0.5538783522212567,0.012141713823543532,0.009931151806861141
200,13,hgb,0.5511448699137957,0.011070561568451178,0.009852853102685681
200,13,decision_tree,0.4991178340756329,0.00980313375062773,0.011850549823600086
200,13,figs,0.5056033137466953,0.010007588451688258,0.08373453956969028
200,13,greedy,0.5007170207774356,0.009835777325186694,0.0203799995924001
200,14,logistic,0.5457310339305816,0.010868383949713355,0.00939061963334297
200,14,catboost,0.5338575908106717,0.010791762872275755,0.00947631748503845
200,14,hgb,0.5307446502683925,0.0103413617736707,0.00942882574787962
200,14,decision_tree,0.5080241660230355,0.009531606534474692,0.011358599835200088
200,14,figs,0.5067605436457895,0.009587025930754743,0.0840302945503367
200,14,greedy,0.498731632352322,0.009341822846632973,0.020259999594800102
200,15,logistic,0.5232228893723544,0.011201659661664056,0.010725823626908885
200,15,catboost,0.5149866870309739,0.011778906629431228,0.010783430408160363
200,15,hgb,0.5017730939467218,0.011092648872534958,0.010726755342717224
200,15,decision_tree,0.4838480212111039,0.010444460793286902,0.012772199801600086
200,15,figs,0.5018328709418083,0.010728034327950988,0.08405802157977228
200,15,greedy,0.5029888876118291,0.01077730419242857,0.021259999574800098
200,16,logistic,0.5095351794484159,0.010597555581220228,0.009588452440078846
200,16,catboost,0.542423398466655,0.01141534992558046,0.009628971853161998
200,16,hgb,0.5196142266403883,0.010404344351940735,0.00960012470195458
200,16,decision_tree,0.4964560015757878,0.009477664368363836,0.011550599827200088
200,16,figs,0.4977193325795596,0.009509881201956675,0.08357741973622189
200,16,greedy,0.5010695113140365,0.009564305350120855,0.0197599996048001
200,17,logistic,0.5426586324617986,0.012878592329558809,0.011071927081024786
200,17,catboost,0.5296457675344499,0.01228964775695307,0.011197150573411689
200,17,hgb,0.5189867514168008,0.012116455197434541,0.011104070800012907
200,17,decision_tree,0.5033649754155441,0.011118271095733982,0.012975899803200087
200,17,figs,0.5029824919282795,0.011129380764163371,0.0845293810801775
200,17,greedy,0.500920744731986,0.011063477193263406,0.0216199995676001
200,18,logistic,0.5389214684235426,0.011143747673887757,0.010170413447201486
200,18,catboost,0.5362661808888082,0.011972757193084643,0.01023404020381061
200,18,hgb,0.5432704587037211,0.011771542737202257,0.01018375593668112
200,18,decision_tree,0.5137722143561353,0.010491145895251306,0.01202114982320009
200,18,figs,0.5055631161117717,0.010325768399039946,0.08442771530558031
200,18,greedy,0.5003709209012523,0.010147938589477051,0.0209999995800001
200,19,logistic,0.513940038259638,0.010260354002596759,0.009607723370363407
200,19,catboost,0.49958358907140427,0.00936188414100818,0.009661003988521173
200,19,hgb,0.517763936338937,0.010231566935329298,0.009600560144744846
200,19,decision_tree,0.48665039892188044,0.009392605658113194,0.011649999822800086
200,19,figs,0.49964347383213026,0.009573546280599815,0.08370681254025468
200,19,greedy,0.4977600654352201,0.009555119895420756,0.020159999596800097
200,20,logistic,0.5283789129338454,0.011353960232394612,0.010009675679497025
200,20,catboost,0.5169687266494769,0.010706930936581413,0.010120241888704659
200,20,hgb,0.5177288983332212,0.010309393867107377,0.010032746802723536
200,20,decision_tree,0.4958224968957733,0.009904113548197311,0.012003349819200086
200,20,figs,0.500672746069906,0.0099944986571783,0.08358666207936709
200,20,greedy,0.504717116906891,0.010154580937576086,0.020279999594400102
200,21,logistic,0.5136962956154059,0.011815443423448022,0.011030878249516374
200,21,catboost,0.5441579556944572,0.012982951374383848,0.011119742171347629
200,21,hgb,0.5198203511352146,0.0114329556680468,0.01102486937810389
200,21,decision_tree,0.5126757974078501,0.01134346201743462,0.012879499808000086
200,21,figs,0.5003759536722124,0.011008569433127691,0.08446468467816111
200,21,greedy,0.4987416122805405,0.01097850525985241,0.0223799995524001
200,22,logistic,0.5161050541812682,0.010340288600742188,0.009800866018913112
200,22,catboost,0.5061551976801781,0.010345777171178062,0.00989460069188748
200,22,hgb,0.504420976600473,0.01086601118346139,0.009795910709167679
200,22,decision_tree,0.5027804155442364,0.009816614459938623,0.011761749826000086
200,22,figs,0.49509590653963004,0.00972325677547392,0.0841134756386435
200,22,greedy,0.4974387729154581,0.009732874550714471,0.0208599995828001
200,23,logistic,0.5413938431307161,0.012524132050962922,0.01027034696478193
200,23,catboost,0.5379249186320262,0.01231526047670577,0.010367522737426603
200,23,hgb,0.5325054946795053,0.011227974675784179,0.010332455298638972
200,23,decision_tree,0.5131982404578185,0.010597674974427075,0.012133049820800088
200,23,figs,0.503471524271777,0.010359832632428529,0.0844831693644515
200,23,greedy,0.5033159514868162,0.010367604256542996,0.020879999582400097
200,24,logistic,0.5039594587532129,0.010087216336243907,0.00956836766156234
200,24,catboost,0.5148090917976107,0.010748057013961376,0.009636110328767263
200,24,hgb,0.5215537632547568,0.010451672685425703,0.009585030828797017
200,24,decision_tree,0.504111409526253,0.009603655136473195,0.011523999830800087
200,24,figs,0.49740741947372596,0.00948716241483806,0.08386393237372307
200,24,greedy,0.5007294655201553,0.009535538086202224,0.0204399995912001
200,25,logistic,0.5462885667294589,0.011600431915089627,0.009818596395018763
200,25,catboost,0.5265126402004955,0.01082366563752743,0.009928813927459564
200,25,hgb,0.5271291720081286,0.011019900773417777,0.009861022176661384
200,25,decision_tree,0.5006063503971574,0.00981190813493188,0.011768899824000086
200,25,figs,0.4985987164003149,0.00977782874534634,0.0836883278539643
200,25,greedy,0.5018913927922208,0.009849753320683111,0.0200599995988001
200,26,logistic,0.524636724028013,0.01215822155890473,0.010891632017954605
200,26,catboost,0.5204790621967001,0.011894366219684973,0.01099001873988219
200,26,hgb,0.5077610579576379,0.011578329468356685,0.010936276422443436
200,26,decision_tree,0.48887097503187626,0.010692649328878593,0.012895849799600087
200,26,figs,0.49935593373551296,0.01086724287712582,0.0845940774821939
200,26,greedy,0.5000654176261252,0.010881424716675662,0.0215399995692001
200,27,logistic,0.5226528082562827,0.011260850566135362,0.009935894680948609
200,27,catboost,0.5239786614758839,0.011070719264137054,0.00999830515710823
200,27,hgb,0.5138532889749938,0.010404674750986841,0.009967985470987005
200,27,decision_tree,0.506964810206907,0.010054753259036486,0.011878049825200087
200,27,figs,0.4963846116961964,0.009862418940056735,0.08387317471686828
200,27,greedy,0.5037177144641036,0.010022470173080156,0.020359999592800097
200,28,logistic,0.5287170855548486,0.010715655839849953,0.00990892031875351
200,28,catboost,0.5115516067533384,0.010256550973843516,0.009977733880573339
200,28,hgb,0.5022817475234821,0.010137225918858326,0.009915121439882284
200,28,decision_tree,0.4915328629127006,0.009721862162865445,0.011902099819600087
200,28,figs,0.5002561155631443,0.00986516214277235,0.0840025675209011
200,28,greedy,0.5027608118687172,0.009941296364719455,0.020299999594000098
200,29,logistic,0.5232347720252375,0.011132790601081449,0.009740406729797198
200,29,catboost,0.5348210532299881,0.011086369427716992,0.00983252382288491
200,29,hgb,0.517722011033667,0.010371890753599525,0.009799095514602533
200,29,decision_tree,0.491790076082734,0.009586978891630236,0.011778299822400088
200,29,figs,0.5002024201992336,0.009723994075714015,0.0840949909523531
200,29,greedy,0.49802603944081325,0.009694236920427658,0.0216999995660001
200,30,logistic,0.5212098260169311,0.010546806656258593,0.009576924445418064
200,30,catboost,0.5138896773330783,0.009940541858827385,0.00969543546403811
200,30,hgb,0.5047016884897435,0.009742731265626265,0.009570082757347286
200,30,decision_tree,0.4964340098036314,0.009477209410668529,0.011592749827600087
200,30,figs,0.49463525640480205,0.009511316793839137,0.08354969270678628
200,30,greedy,0.5017239729069833,0.009582460687169291,0.0205199995896001
500,1,logistic,0.5577493737373737,0.012242119834543878,0.014634043632098
500,1,catboost,0.48206133333333334,0.009634855057086226,0.01008992385599632
500,1,hgb,0.5095514343434343,0.01032908228339324,0.010063196554896963
500,1,decision_tree,0.48702206060606057,0.009543018074667764,0.0114514942901612
500,1,figs,0.501919191919192,0.010045934065934067,0.0851578604140511
500,1,greedy,0.4950572121212122,0.009981814631120219,0.019336234317901328
500,2,logistic,0.5899520577585329,0.014512996588572089,0.014710801831733736
500,2,catboost,0.5149422924977672,0.011334313687757464,0.010426986003701238
500,2,hgb,0.5489222788240613,0.012660341093989044,0.010389700583343696
500,2,decision_tree,0.508941924047417,0.010451671377410087,0.011704494480468704
500,2,figs,0.5016144866999723,0.010398969771164893,0.08525028384550311
500,2,greedy,0.4991669292324076,0.010634612326878911,0.01982672813226182
500,3,logistic,0.5708370861357674,0.013662322452690197,0.014405605135181299
500,3,catboost,0.5208769435766607,0.01095421407595405,0.01031758478538224
500,3,hgb,0.5311739994485323,0.01159376039603689,0.010245352490048876
500,3,decision_tree,0.49622183727479574,0.009992249882983337,0.011601387718708415
500,3,figs,0.501043877824715,0.010243361363467237,0.08584179380679592
500,3,greedy,0.5024840958747124,0.010433822876079068,0.020219382454049476
500,4,logistic,0.5570011515384149,0.012675125996083707,0.014403644786308048
500,4,catboost,0.4921730913413077,0.01015502001642175,0.010104092927961853
500,4,hgb,0.5180694188503334,0.010993777840493973,0.010058716288591939
500,4,decision_tree,0.5025166136746084,0.009862867394143424,0.011426612926469093
500,4,figs,0.49889293918677924,0.010000687787420753,0.08520407212977713
500,4,greedy,0.4927129316792182,0.010009057267700646,0.019461542955476634
500,5,logistic,0.5445094775658402,0.0113614541671062,0.014687433977906375
500,5,catboost,0.49122708559230144,0.009763325473396152,0.010014627906142593
500,5,hgb,0.5081935786876786,0.010243892440201751,0.01001637053232912
500,5,decision_tree,0.49294794685864424,0.009614697879251458,0.01133902864966803
500,5,figs,0.5037621593302333,0.010023247128413234,0.08534270727695512
500,5,greedy,0.49950606793585917,0.00994935176013756,0.019566789869456883
500,6,logistic,0.5579200502882254,0.011251457324502744,0.013937211145952892
500,6,catboost,0.48670696778562283,0.008806797058131671,0.009261359160524778
500,6,hgb,0.5295049952903164,0.010260513559521216,0.00923561609466
500,6,decision_tree,0.5026822703001792,0.009114235048160044,0.01059139800581807
500,6,figs,0.4969587039963686,0.009144380887632173,0.08429832250154748
500,6,greedy,0.497140635566087,0.00910712542571853,0.01832283928257293
500,7,logistic,0.5718843772732783,0.013301168211580675,0.014518484058427131
500,7,catboost,0.49828529296243534,0.010270185228040588,0.010324317320664073
500,7,hgb,0.508390607318946,0.010845396005362494,0.010277761145916631
500,7,decision_tree,0.49187231942592147,0.009931482068392984,0.011652949321785577
500,7,figs,0.5038143716658584,0.010350042741031391,0.08506543698259914
500,7,greedy,0.5002436867586587,0.01030913345515476,0.019370308389575402
500,8,logistic,0.5475647324222648,0.012497979359530594,0.014682816784616443
500,8,catboost,0.47097752671656673,0.009381673098403587,0.010254618467075243
500,8,hgb,0.5021991235705996,0.010191624416295945,0.010198913818082541
500,8,decision_tree,0.47859107922380273,0.00964514788456352,0.011587264236478545
500,8,figs,0.49673404295891704,0.01009760209525657,0.08536119196324553
500,8,greedy,0.4912154811923078,0.010036725683110861,0.01991277751497787
500,9,logistic,0.5499023899003195,0.012898059675082212,0.014460808774447085
500,9,catboost,0.4987270886938089,0.010204936443391913,0.010308061394743166
500,9,hgb,0.5213477038661936,0.011295296923482285,0.010260261912658629
500,9,decision_tree,0.491125960941171,0.010009208477416778,0.011636499440196263
500,9,figs,0.4999760171259469,0.010219516104367561,0.0850469522963087
500,9,greedy,0.4932339033296019,0.010166540082330526,0.019542530612597624
500,10,logistic,0.5532869567730005,0.015073757100716822,0.0157649438292574
500,10,catboost,0.5069879796578826,0.012450762972137784,0.011254533011926528
500,10,hgb,0.5024554654993065,0.01265875859577421,0.011228560129924058
500,10,decision_tree,0.49907160194174754,0.011100408660510432,0.012549265116700153
500,10,figs,0.5031856796116504,0.011294331550802138,0.08588800552252193
500,10,greedy,0.5005938475208045,0.011310085545605352,0.02055561701275071
500,11,logistic,0.5812221395859413,0.013871968278199188,0.014155431287379942
500,11,catboost,0.4882386943875683,0.009614687891587613,0.009988015901822338
500,11,hgb,0.5183114041128383,0.01045347099488277,0.0099518581936015
500,11,decision_tree,0.4948371300113549,0.009628634867079754,0.01131678911933281
500,11,figs,0.49918271697889915,0.009885436365908808,0.08497301355114713
500,11,greedy,0.4940084207390541,0.0097945514273267,0.019436234314701328
500,12,logistic,0.5737898120687738,0.012411012566056426,0.014606184189168125
500,12,catboost,0.5190739023402391,0.010452769220583545,0.009996814197664758
500,12,hgb,0.5321965845710922,0.010689223378933972,0.009946537558627526
500,12,decision_tree,0.47195373592505196,0.009378120653982514,0.011399776775133014
500,12,figs,0.49991001827179987,0.00989825311942959,0.08522255681606752
500,12,greedy,0.49832587056301825,0.009977197754366876,0.019806542954276637
500,13,logistic,0.5465494693636744,0.011090005161298398,0.013858326327837458
500,13,catboost,0.5044542515242191,0.009681960091024231,0.009538979975736507
500,13,hgb,0.5224996423868437,0.010372534221727445,0.009491156956947962
500,13,decision_tree,0.4836955136146237,0.009110344449262717,0.010904469126941011
500,13,figs,0.5001553649502147,0.009442953272379026,0.08519482978663191
500,13,greedy,0.49896465430271936,0.00941995825200113,0.01930228370341738
500,14,logistic,0.5642193526811652,0.013490589000479575,0.014779533794271169
500,14,catboost,0.47898808843409524,0.010184763685201248,0.010809220987646804
500,14,hgb,0.51358708271968,0.011813139725513174,0.010743089969912958
500,14,decision_tree,0.4837065951475177,0.010322064909864054,0.012111520836467661
500,14,figs,0.49856124079047676,0.010674411424971122,0.08535194962010031
500,14,greedy,0.49756548338247275,0.010611554407455126,0.019573641720908735
500,15,logistic,0.55702936149995,0.013249200690970526,0.014588403150732485
500,15,catboost,0.5012937908842077,0.010964236386404582,0.010131258380041943
500,15,hgb,0.531469244616749,0.010748310063277696,0.010106584506307309
500,15,decision_tree,0.49692557225087963,0.009841554491436498,0.011439725603918401
500,15,figs,0.5012630642795348,0.010088776935624457,0.08482513606082391
500,15,greedy,0.5008997472827138,0.010261560401410155,0.019574752830419845
500,16,logistic,0.5641837675762665,0.013138680358195202,0.014449769151927654
500,16,catboost,0.49332103079862055,0.009949167870278365,0.010121158397383158
500,16,hgb,0.4947997415968676,0.009827785057932904,0.010087415766054528
500,16,decision_tree,0.49216351290462224,0.009704811216331658,0.011463346592505563
500,16,figs,0.49720404011655506,0.01000021515580389,0.08584179380679592
500,16,greedy,0.4991517223360789,0.010017250747621012,0.019724814562814906
500,17,logistic,0.5656234208988121,0.01307472361385997,0.014976108871673376
500,17,catboost,0.5006808597361332,0.010359170231009974,0.010127990623431688
500,17,hgb,0.5288112168079873,0.011125492039113456,0.01011481636111891
500,17,decision_tree,0.5010530426679077,0.009879763710681546,0.011414288431098589
500,17,figs,0.49944860744504305,0.010029668329835234,0.08559225054187551
500,17,greedy,0.4994905021716841,0.010148663968190143,0.019991481219881573
500,18,logistic,0.544978465631305,0.011016410689259883,0.014356076097046894
500,18,catboost,0.47578197894707963,0.009169155185537,0.009613871583126134
500,18,hgb,0.5201841077506244,0.009622138586795387,0.009594873147037018
500,18,decision_tree,0.494834663994296,0.009295739722274045,0.010976882160875556
500,18,figs,0.5038251078813898,0.009643443449889454,0.08464028919791992
500,18,greedy,0.4963011066877804,0.009578153144662666,0.018924444200844538
500,19,logistic,0.5416062579461396,0.013887441661129964,0.015767995764460908
500,19,catboost,0.5022926057558946,0.012101453575741121,0.011277493235165819
500,19,hgb,0.5149450632801664,0.01195678829502941,0.011256487770946053
500,19,decision_tree,0.49951282940360614,0.011071665249874114,0.012526303748245872
500,19,figs,0.5042909153952843,0.011339110070257612,0.08568467397332752
500,19,greedy,0.5085684668284789,0.011549362430491376,0.02052246886380256
500,20,logistic,0.5819020509593373,0.01444455693738552,0.015301530276841781
500,20,catboost,0.5177577935348603,0.011500716262307623,0.01042784275563973
500,20,hgb,0.5278723978862131,0.011000665196890044,0.010376133470056823
500,20,decision_tree,0.5113027309732733,0.01053831250770125,0.011642724897577342
500,20,figs,0.5029660851815119,0.010421257186456334,0.0848990748059855
500,20,greedy,0.5046729019453803,0.010557809224631535,0.019510370112370463
500,21,logistic,0.5637419629841255,0.013489237437012185,0.015621876140099416
500,21,catboost,0.5123677081426211,0.011557564055680982,0.010820991844080632
500,21,hgb,0.5134506988670989,0.011307157864247625,0.010791612672312868
500,21,decision_tree,0.5054812146136659,0.010844853145825253,0.01207669253549454
500,21,figs,0.5030470079190543,0.010826217117056211,0.08545361539469752
500,21,greedy,0.49741482366048984,0.010868812275147797,0.020282839240572934
500,22,logistic,0.5651870785401003,0.012755152079953432,0.01353193716322719
500,22,catboost,0.5049731535538573,0.010065693847241562,0.009400531707293578
500,22,hgb,0.5270554652895585,0.010869955040963442,0.009327455694078831
500,22,decision_tree,0.5018204788403117,0.009198985863659956,0.01069483869620301
500,22,figs,0.5084024438026333,0.0095999748135232,0.08453862342332272
500,22,greedy,0.5100094100945243,0.009699440730002184,0.0187674071694075
500,23,logistic,0.5427977592362536,0.011174631605346385,0.013879130122395682
500,23,catboost,0.5041523046293602,0.009991087201808146,0.009406780444499753
500,23,hgb,0.4953870502265665,0.009730327057366369,0.009373374659481203
500,23,decision_tree,0.4850966371388204,0.009069634017161375,0.010762555839806509
500,23,figs,0.5059468841881009,0.009500680020119494,0.08481589371767873
500,23,greedy,0.5043448502272944,0.009683760404521511,0.018600370132770463
500,24,logistic,0.5803005405599554,0.012805285226696652,0.014484885241766776
500,24,catboost,0.5043772977646421,0.010312353130830183,0.010187239042274268
500,24,hgb,0.5088922529574299,0.01075052469088298,0.01012675764843652
500,24,decision_tree,0.501827348241705,0.009987426920287572,0.01144865393740523
500,24,figs,0.5012351487117125,0.010107759922682523,0.08574012803219874
500,24,greedy,0.5029129338012883,0.010187743124882208,0.02026172813066182
500,25,logistic,0.5675973260463081,0.013601011748298605,0.014544002442415369
500,25,catboost,0.5042634624454818,0.010556639682616442,0.01022803647413578
500,25,hgb,0.5172895952094485,0.012232587218170752,0.010197212325390205
500,25,decision_tree,0.4931668165630649,0.009805926850509041,0.011540029211970355
500,25,figs,0.5006176737835911,0.010133191433115451,0.08538891899268114
500,25,greedy,0.5002872947749006,0.010229264119287497,0.019977345420612438
500,26,logistic,0.5595582131086375,0.012838319948125535,0.015099103437810549
500,26,catboost,0.5059118680430321,0.011506700035052317,0.010454024755618529
500,26,hgb,0.5115861109383745,0.010676979765502598,0.010458856618344439
500,26,decision_tree,0.4970820766743362,0.010084037666109446,0.011811190301320539
500,26,figs,0.5013812884770847,0.01043265179988307,0.08544437305155232
500,26,greedy,0.5001909085255892,0.010537529917927295,0.019579382460449476
500,27,logistic,0.5637651849370091,0.012920073200992394,0.013687573430439847
500,27,catboost,0.4975729313282249,0.009816300620125323,0.009751699785600023
500,27,hgb,0.5156397967931293,0.010623945834193037,0.009696555458052614
500,27,decision_tree,0.4920843840108282,0.00945263028610905,0.011083312734294228
500,27,figs,0.5031730115399229,0.00974126793745984,0.0851486180709059
500,27,greedy,0.49974820952596694,0.009691708726341522,0.0190274071626075
500,28,logistic,0.5622737722335857,0.012009787885744904,0.014291711012181551
500,28,catboost,0.5099280021835001,0.010298402993863594,0.00968475278186891
500,28,hgb,0.5124841096084457,0.010393368999342588,0.009665602337702101
500,28,decision_tree,0.49285376884884147,0.009320281496088094,0.011040864303409243
500,28,figs,0.5032654258708905,0.009704000324000324,0.08509316401203472
500,28,greedy,0.500610173402435,0.00967930296583015,0.018778333097733427
500,29,logistic,0.5829538944395074,0.013295449254752973,0.014866042010801637
500,29,catboost,0.4939234867511952,0.010442368115877414,0.01036601592495449
500,29,hgb,0.554417623284092,0.012374779768905653,0.0103489955778666
500,29,decision_tree,0.5012607818490817,0.010206709992548186,0.011642150625155978
500,29,figs,0.5029939293446355,0.01036164826868352,0.0849083171491307
500,29,greedy,0.4996280636538951,0.010315697817766298,0.019610678751145773
500,30,logistic,0.55823400506511,0.01239155979247596,0.014680173589665021
500,30,catboost,0.49291233627388953,0.010086196004236473,0.010149467858668283
500,30,hgb,0.513278974153945,0.010647552112141773,0.01011363081407515
500,30,decision_tree,0.4944524822296799,0.009902118883138482,0.011465655901924767
500,30,figs,0.5041340537898736,0.010180502939328918,0.0848990748059855
500,30,greedy,0.49761063495584673,0.010275727827888475,0.019360123208790218
1000,1,logistic,0.5565651286936641,0.011788285002073115,0.010187983925638959
1000,1,catboost,0.4972424980994692,0.010512787125412077,0.010053363460292966
1000,1,hgb,0.5374483607276076,0.010715536630087199,0.010061157202527678
1000,1,decision_tree,0.5008101380604588,0.010018378519489307,0.010350409728110355
1000,1,figs,0.4999879503511087,0.01005976143141153,0.07878988598700819
1000,1,greedy,0.5058526952112405,0.010177763467112359,0.01111527004593398
1000,2,logistic,0.5563056488103926,0.01294685206004052,0.01002596409178735
1000,2,catboost,0.49294456655180685,0.009952060811555826,0.009913634082050158
1000,2,hgb,0.5443873385272223,0.011724755808199209,0.009922799607818092
1000,2,decision_tree,0.5280303595538712,0.011003559721051303,0.01012985902978412
1000,2,figs,0.500731449527702,0.009938892005610097,0.0789839751930574
1000,2,greedy,0.5037275417300915,0.009951862688985472,0.011214852274138938
1000,3,logistic,0.5600046195412969,0.012288855702382693,0.010143792605971955
1000,3,catboost,0.5167068235294496,0.01076857243667794,0.010012935111516815
1000,3,hgb,0.5025237913836764,0.010365061477251282,0.010020736124789735
1000,3,decision_tree,0.5071270618624566,0.010184421351136164,0.010289681145560442
1000,3,figs,0.49990505665168183,0.010018201109742237,0.07885458238902458
1000,3,greedy,0.5042620671906959,0.010113768726841952,0.011184653102185221
1000,4,logistic,0.5545057166636356,0.01317336433401929,0.010364999131758186
1000,4,catboost,0.5149565535458092,0.011764935091852254,0.010232489734466395
1000,4,hgb,0.5395149850089921,0.011928087439049362,0.010240341598397656
1000,4,decision_tree,0.5148418240280471,0.010572764993691,0.010483391421546591
1000,4,figs,0.505620049304882,0.010635555555555556,0.07899321753620259
1000,4,greedy,0.5144900184135548,0.010808151575067534,0.011441887397305882
1000,5,logistic,0.5796732705911251,0.015806431502492044,0.010472103353299858
1000,5,catboost,0.496809989813727,0.010539002998595202,0.01037320565593722
1000,5,hgb,0.5379329540826456,0.011975071407910598,0.01038004811488461
1000,5,decision_tree,0.5078952279964686,0.010672172376177857,0.010633737620739998
1000,5,figs,0.4989222036102762,0.01036949153829361,0.07898397519305739
1000,5,greedy,0.5017772727539996,0.010451058392393598,0.011429358466886046
1000,6,logistic,0.5781413388584528,0.014152805862601415,0.00988627104310252
1000,6,catboost,0.5010825918381567,0.01106625125862044,0.00977308702934217
1000,6,hgb,0.5407294795038213,0.011361166533530673,0.009779931710523918
1000,6,decision_tree,0.5008489778499987,0.009799804751411612,0.010060087152344068
1000,6,figs,0.5010578302423468,0.00981111340581911,0.07866049318297538
1000,6,greedy,0.502388513031683,0.009809079113926823,0.010849237404905879
1000,7,logistic,0.5770363669265776,0.014331115745613772,0.010197997885876461
1000,7,catboost,0.48882389385322544,0.010201792458894217,0.010113310415007454
1000,7,hgb,0.552269880279336,0.012896749369369001,0.010119987479604653
1000,7,decision_tree,0.5118089133173965,0.010245530246305472,0.010383940735671431
1000,7,figs,0.4988363663196449,0.010109234974696171,0.07896549050676699
1000,7,greedy,0.5023502868795052,0.010219035467907301,0.011310267561395138
1000,8,logistic,0.5710046921244496,0.013266043524926902,0.010631691351361638
1000,8,catboost,0.5141863086214778,0.011492491082747603,0.010492669229416517
1000,8,hgb,0.5224355542722394,0.012132397616126354,0.010499262339695163
1000,8,decision_tree,0.5082572342934141,0.01082671274415779,0.01075897394854486
1000,8,figs,0.5009066628167184,0.010527463556851314,0.07893776347733138
1000,8,greedy,0.5009783681031785,0.01055440539249985,0.01157452086118026
1000,9,logistic,0.5500590002981438,0.011710692074950742,0.009757523929930526
1000,9,catboost,0.48997288215241397,0.009395775453899084,0.00963402350023236
1000,9,hgb,0.5090759988530095,0.010214503131147456,0.009645056538059256
1000,9,decision_tree,0.5102349931346478,0.009791553396393425,0.009912256573296349
1000,9,figs,0.4988361246398686,0.009629473464825025,0.07878988598700819
1000,9,greedy,0.5058573360891945,0.00979413128700955,0.010923965503679436
1000,10,logistic,0.5623158701498788,0.014297471796202,0.01026992893193822
1000,10,catboost,0.4925710625607407,0.010047780151557958,0.010213754408379455
1000,10,hgb,0.5468429818498479,0.014023815406828581,0.010206120979288967
1000,10,decision_tree,0.5041268930900418,0.01055071680564445,0.010485650199972161
1000,10,figs,0.501873036760546,0.010291995896110805,0.0788823094184602
1000,10,greedy,0.49848421513662194,0.010176473853196165,0.011380915905302574
1000,11,logistic,0.5701905120368163,0.013247900596483937,0.00992636877865649
1000,11,catboost,0.4929352799022052,0.009592511541674512,0.009833751368489112
1000,11,hgb,0.5154713437131948,0.010056565271484132,0.009841310335626054
1000,11,decision_tree,0.5057967760486767,0.009878443504337584,0.010115832356243469
1000,11,figs,0.5008370167324523,0.009862399472643375,0.078873067075315
1000,11,greedy,0.5018597840145405,0.009847695460059258,0.011112993185229847
1000,12,logistic,0.5685353213132166,0.01339018595540338,0.010468230106611947
1000,12,catboost,0.5015758888533659,0.010576915607484649,0.010273169566786646
1000,12,hgb,0.5192220776665837,0.010784984674880399,0.010294939995778704
1000,12,decision_tree,0.5141006158091169,0.010655760255863277,0.010534308930160255
1000,12,figs,0.5008874105178669,0.010305831998168917,0.07891003644789578
1000,12,greedy,0.5070449119673984,0.01048882485287327,0.011360148966353813
1000,13,logistic,0.5801416314327842,0.014980051398575571,0.0107545565891738
1000,13,catboost,0.4970227507276047,0.011035582018607578,0.010612700633542855
1000,13,hgb,0.5423595571789732,0.013438042388233562,0.0106191324231643
1000,13,decision_tree,0.5026665865693286,0.010632268155976385,0.010887414092407387
1000,13,figs,0.5035777128243185,0.010821310948670575,0.07907639862450938
1000,13,greedy,0.4997612307488961,0.010650810027035136,0.011738842344783566
1000,14,logistic,0.5599494698434385,0.013278444689141203,0.01017884573335079
1000,14,catboost,0.4891106712449202,0.00976228109081375,0.010094142237317017
1000,14,hgb,0.5210454901435189,0.010506746613419084,0.010099850713688565
1000,14,decision_tree,0.5126448416131643,0.010311452108612534,0.01034542191812534
1000,14,figs,0.5028391706733053,0.01023133154436939,0.0788823094184602
1000,14,greedy,0.5021820785977982,0.010273884302143188,0.011355525411434805
1000,15,logistic,0.5508475623169248,0.011793489815191797,0.00959942664082014
1000,15,catboost,0.5143333910961143,0.010523242920991613,0.009473298901394152
1000,15,hgb,0.5382048401121109,0.011667812627107196,0.009482233425174387
1000,15,decision_tree,0.5152470739062004,0.010104460279171943,0.009728466411918072
1000,15,figs,0.501084841257143,0.009510848525225607,0.07858655443781377
1000,15,greedy,0.5086781549852092,0.009812796485547786,0.010629215922902576
1000,16,logistic,0.5318670228751972,0.010032958763822162,0.00922758372456928
1000,16,catboost,0.4909549427260599,0.008771151590182952,0.009094388575067327
1000,16,hgb,0.5063185316046351,0.009085982079492667,0.009101535116696645
1000,16,decision_tree,0.5006621796812533,0.009055046417600235,0.009394241639690501
1000,16,figs,0.5002198023996389,0.009104400044400045,0.07832776882974817
1000,16,greedy,0.49999756021554376,0.009138653793547752,0.010229872540472822
1000,17,logistic,0.5588738425728219,0.013118361465638375,0.010474380767220182
1000,17,catboost,0.5025228952474974,0.010778953229738491,0.010333139337910571
1000,17,hgb,0.5404127811161218,0.011341141878398572,0.010340809059006858
1000,17,decision_tree,0.5163546779698212,0.010903184966578864,0.010571828421755972
1000,17,figs,0.5049510194599782,0.010706831886966146,0.07870670489870138
1000,17,greedy,0.5097744918433391,0.01066801835829852,0.011399607230016625
1000,18,logistic,0.5583430788353996,0.013074630467915708,0.01052174306326972
1000,18,catboost,0.5119572432268227,0.012026908758668674,0.010411902124129726
1000,18,hgb,0.5050189190171569,0.010458022551852537,0.010423279704153852
1000,18,decision_tree,0.5082241602410746,0.01069447780786109,0.01068527963257432
1000,18,figs,0.4997265363048416,0.010415057274822743,0.07913185268338059
1000,18,greedy,0.4979103758282223,0.010391979040278115,0.011574217967818276
1000,19,logistic,0.5686335377399185,0.012480015374123792,0.009842659584972541
1000,19,catboost,0.5060338756083618,0.010217401051885018,0.009713317516283052
1000,19,hgb,0.5303392181884461,0.010548531330293053,0.009722243627299653
1000,19,decision_tree,0.5080155863968971,0.009807042519359793,0.00998886657343048
1000,19,figs,0.5031143039562656,0.009869710336010229,0.07863276615353978
1000,19,greedy,0.50977100295531,0.010031197611718713,0.010793312614317452
1000,20,logistic,0.5743067683194943,0.012965362952648118,0.01002900558376429
1000,20,catboost,0.4794731273955595,0.009495122999816946,0.00989390076637057
1000,20,hgb,0.5222763540872822,0.01040673551496759,0.009902038901122673
1000,20,decision_tree,0.5034267327348835,0.010019769963506472,0.01018685706205314
1000,20,figs,0.5010103050503011,0.009929565606806986,0.07872518958499179
1000,20,greedy,0.5005447465259605,0.009909801281086372,0.010901067568995136
1000,21,logistic,0.5517295481468034,0.01349705741193601,0.01071514309491102
1000,21,catboost,0.49209101098697944,0.01096634219257922,0.010572667970320337
1000,21,hgb,0.5318352097134755,0.012080635544883176,0.010579923262050357
1000,21,decision_tree,0.5112664581059672,0.011045429827813539,0.010831673256579483
1000,21,figs,0.5007029762409927,0.010599501086514848,0.07914109502652579
1000,21,greedy,0.5022075333971031,0.010574123923339908,0.011654266315325715
1000,22,logistic,0.5624643636363635,0.011816310730235051,0.010136221348977768
1000,22,catboost,0.4923445656565657,0.009627261215574709,0.009994005311958177
1000,22,hgb,0.5153968888888889,0.010029354807855276,0.010001021374005043
1000,22,decision_tree,0.5142603434343435,0.01035826639102098,0.010240034429694492
1000,22,figs,0.5009595959595959,0.01002780487804878,0.07878988598700819
1000,22,greedy,0.49860828282828284,0.009951924796266498,0.011280772932495964
1000,23,logistic,0.5770250287077449,0.012799560145994041,0.009896367046798292
1000,23,catboost,0.516078514380995,0.010713279949953712,0.009733083828307334
1000,23,hgb,0.538915816230786,0.01067490874135112,0.009740230181129315
1000,23,decision_tree,0.5164782600599657,0.010054645208803736,0.009988687572767208
1000,23,figs,0.5011613941141958,0.009775753848772755,0.07855882740837819
1000,23,greedy,0.5034514197026472,0.009894897380479183,0.010884660957024889
1000,24,logistic,0.5764292004415978,0.01258621898725754,0.00956561280616839
1000,24,catboost,0.4900492716642826,0.009314023399958137,0.009394112184905015
1000,24,hgb,0.5366501282266067,0.010773474101352364,0.009399623468603763
1000,24,decision_tree,0.5142881168086395,0.009924069199108937,0.009655529885659516
1000,24,figs,0.5000582067176136,0.009401114194675712,0.07854958506523299
1000,24,greedy,0.49613653448801714,0.009321154003525595,0.010616717572595134
1000,25,logistic,0.564077901109549,0.01347708561463834,0.010417586665677846
1000,25,catboost,0.48980495852085526,0.009998726375825962,0.010353624448977241
1000,25,hgb,0.5293965560426092,0.01129422121005816,0.010363854115939652
1000,25,decision_tree,0.5127004375367417,0.010701335342340638,0.010596464629350573
1000,25,figs,0.49915651243406794,0.010350725010725011,0.07876215895757259
1000,25,greedy,0.5013344620929198,0.010369398161037576,0.011429791938760427
1000,26,logistic,0.5627234844711417,0.013298344147610167,0.01034724893252369
1000,26,catboost,0.5069139192678283,0.010416893817285871,0.010253646060742284
1000,26,hgb,0.5140939016768181,0.010576749070679889,0.01027031382772259
1000,26,decision_tree,0.5130889909024092,0.010693108138118567,0.010507403203318864
1000,26,figs,0.5009133475540921,0.010286850790342193,0.07888230941846018
1000,26,greedy,0.5028864571556804,0.010259802552977424,0.011331541115114144
1000,27,logistic,0.5797390739673626,0.012983202212984924,0.009659673151046337
1000,27,catboost,0.4982722492922539,0.009505757251386523,0.00951403368843846
1000,27,hgb,0.5327029285181482,0.010389651606475401,0.009534374203728227
1000,27,decision_tree,0.5073218892597019,0.009649485377932235,0.009789998605491528
1000,27,figs,0.49893023601492936,0.009509956589270781,0.07866049318297538
1000,27,greedy,0.500584302051327,0.00950026507578944,0.010608803525408361
1000,28,logistic,0.580354182726144,0.013198756401555775,0.010032562479897034
1000,28,catboost,0.5085590165245581,0.010175892532143885,0.00987355989319536
1000,28,hgb,0.5235337278056182,0.010516722110552315,0.009881060115486217
1000,28,decision_tree,0.496986501942839,0.009783961712934148,0.010175876114374642
1000,28,figs,0.49988313689045333,0.009877837224261228,0.07883609770273418
1000,28,greedy,0.4974689813903881,0.009865651054681911,0.01110733698488274
1000,29,logistic,0.5553808101727367,0.01264408827393564,0.010716529697397514
1000,29,catboost,0.4894786243616294,0.01070925825993308,0.010593026151278122
1000,29,hgb,0.533256175841276,0.011696333036297305,0.010600279480157541
1000,29,decision_tree,0.5243851619620811,0.01130592606889911,0.010806400130664046
1000,29,figs,0.49958236552742086,0.01059281378178835,0.07931669954628459
1000,29,greedy,0.5041787856943983,0.010851009884130715,0.011863829120843073
1000,30,logistic,0.5429523705820436,0.012678578954270929,0.010410767857783974
1000,30,catboost,0.4902864161053021,0.010139405791063533,0.010293325582139815
1000,30,hgb,0.49518439931292313,0.0102261902022343,0.01031303580105282
1000,30,decision_tree,0.5114442838910683,0.010777414036742775,0.01054488246720862
1000,30,figs,0.5019233051890786,0.010376908894772972,0.07884534004587938
1000,30,greedy,0.5000658628534096,0.010253529769320166,0.011470258053662906
2000,1,logistic,0.5770363194782864,0.014140866477299696,0.016729767353582777
2000,1,catboost,0.5508478242782262,0.013034457487403669,0.010151092929727688
2000,1,hgb,0.5593579213863764,0.016438783974868892,0.01018739953092186
2000,1,decision_tree,0.5010028962079882,0.010348787239220485,0.01041926961827558
2000,1,figs,0.5066065237976379,0.010374735550456012,0.08304122067112252
2000,1,greedy,0.5046632910589978,0.010301418343431627,0.01139599966955845
2000,2,logistic,0.5884761183816797,0.012251847645229305,0.015201803851658651
2000,2,catboost,0.5444233078021116,0.010542029619680073,0.00884168458682137
2000,2,hgb,0.5881220281141583,0.012214399280576996,0.008880548022223805
2000,2,decision_tree,0.5064154830025763,0.009023197784991716,0.009095063259686557
2000,2,figs,0.5030491939594772,0.00899127771101917,0.0827933693284034
2000,2,greedy,0.5054834906946658,0.009166917438858125,0.01026161979139119
2000,3,logistic,0.5896470898782254,0.013561085358095193,0.015769547784381683
2000,3,catboost,0.5794285890958886,0.012461185561389273,0.009680542576003965
2000,3,hgb,0.5789541420799471,0.012939711226545341,0.009719764704519294
2000,3,decision_tree,0.49686265313663625,0.00969668023719501,0.009948279943841856
2000,3,figs,0.4975967224467087,0.009683322301588903,0.08313417016274463
2000,3,greedy,0.5065364561646197,0.00996112056391732,0.011029156923311243
2000,4,logistic,0.6048885025890204,0.015937683797798852,0.016202374823449796
2000,4,catboost,0.5675344744293603,0.01249853828079371,0.010055785387570435
2000,4,hgb,0.5678947868521573,0.013421565331211496,0.010099967122662755
2000,4,decision_tree,0.5021765974960967,0.010303810314090655,0.010305580696464754
2000,4,figs,0.48851881228126853,0.009962323567742485,0.08342026176071929
2000,4,greedy,0.5064085681221926,0.01024664976562284,0.011434392450168312
2000,5,logistic,0.5828804070061222,0.015852232385630986,0.01662020120285215
2000,5,catboost,0.5776390938395857,0.013642087376620418,0.010291079444439155
2000,5,hgb,0.5561380887271877,0.01709785579584996,0.010335654369646305
2000,5,decision_tree,0.5045594268723124,0.010698868320772102,0.010533309191582312
2000,5,figs,0.5055030133436601,0.010512800969357356,0.08383569024108516
2000,5,greedy,0.505713937041309,0.010603860513027565,0.011933525818434453
2000,6,logistic,0.589562740774197,0.013927948356043612,0.015743232975982954
2000,6,catboost,0.5662020776322432,0.012320377070275208,0.009457227894077323
2000,6,hgb,0.5793227662796567,0.013228504805402639,0.009502115770770033
2000,6,decision_tree,0.5114615797444141,0.009972190563687868,0.009677075978834292
2000,6,figs,0.4943819973963176,0.009395480984340045,0.08315325803876332
2000,6,greedy,0.4992519036106166,0.009497421982845825,0.010734130457313086
2000,7,logistic,0.6044286231427265,0.01623990788716785,0.015624904824401303
2000,7,catboost,0.5586091284454208,0.011762417360164179,0.009918790524052125
2000,7,hgb,0.5853268838758532,0.013478699570339302,0.00996218487635162
2000,7,decision_tree,0.5064506541377014,0.01023280922710018,0.010151854211004542
2000,7,figs,0.5017095573113026,0.010003710032536322,0.08360485712345524
2000,7,greedy,0.5023555090630389,0.009984715450331475,0.0116378877724121
2000,8,logistic,0.5998901842991683,0.014925435239530507,0.016245484566714506
2000,8,catboost,0.5615377003685218,0.013501610425705569,0.010090487602877406
2000,8,hgb,0.5797117684564084,0.013478683430492347,0.010139825673090979
2000,8,decision_tree,0.5086923216005962,0.010633009469072726,0.010312618748462328
2000,8,figs,0.49651698997060967,0.01008402350983456,0.08360525411520205
2000,8,greedy,0.5081250706622749,0.010544787839444781,0.01157411641072058
2000,9,logistic,0.5986992012070987,0.01479212245288153,0.016342294293672684
2000,9,catboost,0.5485206071640625,0.012218306274337513,0.010123034968774463
2000,9,hgb,0.579470650152001,0.014246642520629004,0.010159624101030466
2000,9,decision_tree,0.5020065479444382,0.010249997771714219,0.010362734939351335
2000,9,figs,0.49382702668561407,0.010043657666736698,0.08335534276855949
2000,9,greedy,0.5015517500322966,0.010169036036689961,0.01151841806701039
2000,10,logistic,0.5914925656565656,0.013549277332849875,0.01677022719753957
2000,10,catboost,0.571459595959596,0.012412530386119282,0.009956800443390361
2000,10,hgb,0.5797772929292929,0.013703305647877865,0.010000588414302425
2000,10,decision_tree,0.5002272121212121,0.01006237933605904,0.01021713586287224
2000,10,figs,0.5044272727272727,0.01009889568413241,0.083586523732444
2000,10,greedy,0.49892074747474746,0.00995420790288184,0.011403671160397635
2000,11,logistic,0.5832751530684798,0.013477368025509251,0.0157368743967741
2000,11,catboost,0.570508806236101,0.012412560761210268,0.00963751857422311
2000,11,hgb,0.5552725173063686,0.015405764008484106,0.009678344748233815
2000,11,decision_tree,0.5053598377751177,0.009738304458078025,0.009881012312951463
2000,11,figs,0.49744806587268897,0.009637225349489591,0.08330103438274214
2000,11,greedy,0.49181750835692817,0.009648994221452723,0.011020939424812363
2000,12,logistic,0.5845603191771758,0.014546925474434723,0.01634729392066076
2000,12,catboost,0.5762627031010423,0.012755107286976836,0.010160035635090508
2000,12,hgb,0.557105376804187,0.01289555414246509,0.010201175262380943
2000,12,decision_tree,0.5001839943898352,0.010238242067962582,0.010407954243327008
2000,12,figs,0.5038513821370132,0.010327385431086373,0.08279263135953191
2000,12,greedy,0.5046887864056513,0.01038643372625895,0.011339333002891782
2000,13,logistic,0.6160745994316315,0.015971743520836305,0.01634756564766517
2000,13,catboost,0.5621257865957602,0.013243519027292323,0.010169609489107504
2000,13,hgb,0.5958452725405503,0.014761808128641654,0.010220258286161054
2000,13,decision_tree,0.5059278428276713,0.010434569500843004,0.010407344202191103
2000,13,figs,0.501744324056436,0.010295964546995055,0.0830696636440316
2000,13,greedy,0.5027719299064225,0.010251146205223067,0.011596962043341751
2000,14,logistic,0.585957820752788,0.013802965179740756,0.016424346467483655
2000,14,catboost,0.5795494797152895,0.0129350301389996,0.010133313067313104
2000,14,hgb,0.5449795221841649,0.01149293349083641,0.010180058285948373
2000,14,decision_tree,0.5058173344132464,0.010473404058122462,0.010358863724318962
2000,14,figs,0.4992105290005498,0.010164239440734728,0.08348539082515978
2000,14,greedy,0.505356354803888,0.010343739936383057,0.011497382189698358
2000,15,logistic,0.5873260694197708,0.013289025909028062,0.016407541057491704
2000,15,catboost,0.5412457777999431,0.011670397745789228,0.009903508732996594
2000,15,hgb,0.5584518971697384,0.011857371427574802,0.009940133693085162
2000,15,decision_tree,0.49876191882523546,0.009935942590609322,0.01015603991983123
2000,15,figs,0.5043030134019071,0.01005818755172848,0.08334664290873985
2000,15,greedy,0.501566415237887,0.010020172507828795,0.011339921518686917
2000,16,logistic,0.5672662651677384,0.01523314241410578,0.017213797031950803
2000,16,catboost,0.5520040281286346,0.013829451106132035,0.010966246181674928
2000,16,hgb,0.5666173353770529,0.014879290702474436,0.011020499262993077
2000,16,decision_tree,0.5051839694485866,0.011149047062625863,0.011204673540849204
2000,16,figs,0.5016053497564945,0.011205202708006139,0.0838723802224125
2000,16,greedy,0.5050190118701559,0.011653184977758713,0.012292591179836424
2000,17,logistic,0.5990198600783677,0.014652172547739593,0.015476613809498517
2000,17,catboost,0.5968485106062834,0.013135194425262831,0.009315532340292807
2000,17,hgb,0.5741803537521457,0.01338603031556294,0.009359577937794102
2000,17,decision_tree,0.4982751373367541,0.009440831522526437,0.009580107187148922
2000,17,figs,0.506204980325246,0.009481106970921893,0.08263593350704553
2000,17,greedy,0.5039986021296083,0.009464279500045296,0.010743352634657727
2000,18,logistic,0.6036474605796203,0.015543877312233037,0.015456938050345866
2000,18,catboost,0.5766103790056898,0.012564319524562072,0.009417848357725318
2000,18,hgb,0.5704929734655593,0.012390238206091891,0.009459922126549686
2000,18,decision_tree,0.5066948341885057,0.009717717979164233,0.00966322321961257
2000,18,figs,0.5039009836435342,0.009575710775839198,0.08311604391117035
2000,18,greedy,0.503370254702509,0.009557034467800363,0.010850625775897174
2000,19,logistic,0.6042959970544232,0.01481335791577082,0.016328694695749296
2000,19,catboost,0.5698648081609541,0.013325191991416047,0.010009830027875484
2000,19,hgb,0.5720323793345148,0.013714651708566882,0.010059781932474731
2000,19,decision_tree,0.5061359222084307,0.010215154406938553,0.01025391094893601
2000,19,figs,0.49340932404241133,0.009930821225268598,0.08351306772115741
2000,19,greedy,0.5064463010811227,0.010213610601198917,0.01131084887008442
2000,20,logistic,0.5995382057340576,0.014600275817226142,0.015853402229338297
2000,20,catboost,0.5656113417936103,0.01233482590010633,0.009623523867215478
2000,20,hgb,0.5629401969192168,0.013303087178476489,0.009658378864578075
2000,20,decision_tree,0.4982799892510304,0.009614213393330235,0.009896570153780072
2000,20,figs,0.4981885051000532,0.0096312727071526,0.08328206211582855
2000,20,greedy,0.49485581441361237,0.009604552476331253,0.011391841990804473
2000,21,logistic,0.573760298985528,0.013495845767361932,0.016458931404487898
2000,21,catboost,0.5719326082416948,0.012847560857339332,0.010010307122281872
2000,21,hgb,0.5582476613338536,0.012087934668648024,0.01006003702200117
2000,21,decision_tree,0.5067594915385557,0.010247377309178634,0.010241332869869285
2000,21,figs,0.5017244051700865,0.010212421202695034,0.08333725312911792
2000,21,greedy,0.5074625885513635,0.01029422009585795,0.0115325501473357
2000,22,logistic,0.5889836804930216,0.01752798228638041,0.016494300665112017
2000,22,catboost,0.577867551647574,0.01287644366913408,0.010114151086397941
2000,22,hgb,0.5637629099047902,0.013114346177884761,0.010160159778681652
2000,22,decision_tree,0.5001990300190089,0.010232859401548403,0.010367961808539912
2000,22,figs,0.501550298274564,0.010194405408808402,0.08362351141109117
2000,22,greedy,0.4994386669347977,0.010172145593207123,0.011536280909362002
2000,23,logistic,0.5718893000298919,0.012750249511882503,0.01664385956424866
2000,23,catboost,0.5541968926717942,0.013955019373359622,0.009850860319500023
2000,23,hgb,0.549035736620829,0.01178526253238544,0.00990087642815845
2000,23,decision_tree,0.5018488082522018,0.010018440675760448,0.010106725974741989
2000,23,figs,0.50999682717489,0.010269316087237152,0.0830975371065014
2000,23,greedy,0.506965503943587,0.010347465922921606,0.011252671921053779
2000,24,logistic,0.5751073565786723,0.01542252528687773,0.01612308498791188
2000,24,catboost,0.5734703075318139,0.013094717013305938,0.010054882879961535
2000,24,hgb,0.5619848789606711,0.013735925163111822,0.010099073304538943
2000,24,decision_tree,0.49687763240411326,0.010031454743380583,0.010325529726919197
2000,24,figs,0.5016386893765646,0.010134116737159981,0.08339269758747334
2000,24,greedy,0.4986187023591742,0.01012093749328791,0.011512583455970548
2000,25,logistic,0.568105432278196,0.015706538380780503,0.01589404748834793
2000,25,catboost,0.5552978815310654,0.012190401390444486,0.009835700538492984
2000,25,hgb,0.5541732887732416,0.011811599584434975,0.009880458391221097
2000,25,decision_tree,0.5001580391596913,0.009889734833185447,0.010088572566917723
2000,25,figs,0.4947283206664844,0.009778535840310238,0.08337487485241603
2000,25,greedy,0.4999070165461481,0.009867755436270257,0.011144252251669954
2000,26,logistic,0.5871612944818495,0.015040596831426344,0.01636532610238152
2000,26,catboost,0.5829620259638755,0.014736549326622325,0.010514457598565804
2000,26,hgb,0.5790972747976204,0.014782851774078707,0.01055982812847547
2000,26,decision_tree,0.509354847798816,0.011049843671188109,0.010721572481517656
2000,26,figs,0.4962065893103904,0.010508759804133037,0.08358668274532795
2000,26,greedy,0.5078487157718844,0.010853376868229809,0.011970753528521238
2000,27,logistic,0.5782642189736347,0.014101631941837818,0.01630616787311224
2000,27,catboost,0.5533828563076072,0.011837266201058991,0.009998993852054293
2000,27,hgb,0.5491308836334327,0.012546034587345429,0.010039810371285311
2000,27,decision_tree,0.5082203812331586,0.010374162445631899,0.010212673567556221
2000,27,figs,0.49355185424208864,0.009914263318866747,0.08343911741508529
2000,27,greedy,0.5014969416447104,0.010054775599286851,0.011700386883523211
2000,28,logistic,0.5689576579357084,0.012742708272364832,0.015952035104483966
2000,28,catboost,0.5622289515964286,0.012561435480941154,0.009837426559935613
2000,28,hgb,0.5637013122852159,0.01229684726137199,0.009879964381575675
2000,28,decision_tree,0.5066593776471048,0.010163185312046465,0.010076398119846623
2000,28,figs,0.5052619066662022,0.010158422524914133,0.08308889218037763
2000,28,greedy,0.5101624699807376,0.01083028040768723,0.011067277051258909
2000,29,logistic,0.5866681120115097,0.01670111191448819,0.016976218065580802
2000,29,catboost,0.5735419140952203,0.01355586901751173,0.010675127456720248
2000,29,hgb,0.5691311229514726,0.014499430071344582,0.01072293967544883
2000,29,decision_tree,0.508205594570814,0.011121426000836475,0.010891845575914308
2000,29,figs,0.5000602164154965,0.010722166975642794,0.0832715941921952
2000,29,greedy,0.5026887110420726,0.010755178087644248,0.012128863380219854
2000,30,logistic,0.5793854972150172,0.013153482076327671,0.01571959228771003
2000,30,catboost,0.5551473365039874,0.012297214608287779,0.009580813749993743
2000,30,hgb,0.5679809832963167,0.013080861404842745,0.009619780583801477
2000,30,decision_tree,0.504609331372796,0.009737063933083273,0.00981966817634732
2000,30,figs,0.4953292881259925,0.00956362689477576,0.08316196368678662
2000,30,greedy,0.5011426345560719,0.00962881018265644,0.010885564218796844
5000,1,logistic,0.6344555950600304,0.016647859206319032,0.009842272404584917
5000,1,catboost,0.5649719722846539,0.012033188548164986,0.009345377160614824
5000,1,hgb,0.5689718164215187,0.011937766659928274,0.009419824505898839
5000,1,decision_tree,0.4920521375047212,0.009446335168086168,0.00984445379958923
5000,1,figs,0.497362222196788,0.009409472330905505,0.08028763624282886
5000,1,greedy,0.4963121607667369,0.009412489072061946,0.011081054485896144
5000,2,logistic,0.6309353946388031,0.01839222946817012,0.01076268021383984
5000,2,catboost,0.5572782918806439,0.012353065188998988,0.010356348273344211
5000,2,hgb,0.5679646466969568,0.0133948066469779,0.0104398840407431
5000,2,decision_tree,0.5072812267350836,0.010579230199973203,0.01082572718831453
5000,2,figs,0.4992826061941071,0.010440936374985419,0.08091945955842586
5000,2,greedy,0.5011209556505551,0.010478975139157463,0.012435898251693406
5000,3,logistic,0.6232460169142567,0.015645960317849143,0.010100982088044337
5000,3,catboost,0.5561870372297664,0.011874475303458254,0.009566886465293557
5000,3,hgb,0.5758405636141533,0.01218912708081894,0.009639826392357753
5000,3,decision_tree,0.49737923792831773,0.009610422261321378,0.010061729792061753
5000,3,figs,0.4996573189614272,0.00965847738895139,0.07994741014080393
5000,3,greedy,0.5041319481628627,0.009953246710844441,0.010834402056838426
5000,4,logistic,0.641225516234234,0.02028743664574894,0.010689221643239525
5000,4,catboost,0.5596358797769792,0.013128759171035691,0.01028764312235181
5000,4,hgb,0.5847350994653988,0.014571804725143255,0.010379714775740349
5000,4,decision_tree,0.4870519577024544,0.010321520236467431,0.010724749595643282
5000,4,figs,0.49757568337766045,0.010336702928970213,0.08035624967697554
5000,4,greedy,0.49915720555084325,0.010415005842644334,0.012039785991831508
5000,5,logistic,0.6350516991787942,0.018671245535423306,0.010854577082425137
5000,5,catboost,0.5751340571751498,0.01444116176065733,0.010440298873051207
5000,5,hgb,0.568648699608868,0.015257702216503397,0.010538898223157633
5000,5,decision_tree,0.4944927313773319,0.010397282912675972,0.01095785216172209
5000,5,figs,0.4954539249764625,0.010482792452088333,0.08054047418756187
5000,5,greedy,0.49829765500673107,0.010517782740843981,0.011828533127903646
5000,6,logistic,0.6302098165380047,0.018938576192575524,0.010433055644399685
5000,6,catboost,0.5698825109484557,0.013788123173900112,0.009986568706527811
5000,6,hgb,0.57184523168138,0.013643306274254658,0.010079842743998157
5000,6,decision_tree,0.5052535510325028,0.01054893437689447,0.01044744716068769
5000,6,figs,0.5019115702150696,0.010166831839365701,0.08031252267118548
5000,6,greedy,0.5012421638689417,0.01012153604943794,0.011692561161967579
5000,7,logistic,0.5970626617073842,0.0150388197371743,0.011170460540216118
5000,7,catboost,0.5755153690687949,0.013726290286517203,0.01056583357305082
5000,7,hgb,0.5605545357412456,0.012915870476180159,0.010660012203414438
5000,7,decision_tree,0.4994674752562125,0.01111288522440626,0.010993875549870094
5000,7,figs,0.49818625648853937,0.010631730348593283,0.08065974351730419
5000,7,greedy,0.4998825946124145,0.010645893763046792,0.012372889300394527
5000,8,logistic,0.6390638552202165,0.019938635475737383,0.010891578510008552
5000,8,catboost,0.5717764058151045,0.014164135921897773,0.01046167957541777
5000,8,hgb,0.5658783649275746,0.013250962259901109,0.01055986213367233
5000,8,decision_tree,0.4900313408074111,0.010440656224515702,0.010919846212027323
5000,8,figs,0.49868285228375275,0.010542505022050048,0.08063381567038817
5000,8,greedy,0.5002461983393116,0.010555626534771271,0.01222879075527283
5000,9,logistic,0.6326766424686878,0.020144764782810232,0.010571366644890855
5000,9,catboost,0.5780783745714461,0.014678951570029011,0.010159074627876484
5000,9,hgb,0.5685354347693101,0.012777573513622353,0.010259871321875448
5000,9,decision_tree,0.4962798231886445,0.010394524805216184,0.010605508010094987
5000,9,figs,0.49957111622163475,0.010264169645617624,0.08041449801802725
5000,9,greedy,0.5014380684221673,0.01037732917372057,0.012049542226210233
5000,10,logistic,0.638679284158051,0.021781419695075008,0.010461261786668482
5000,10,catboost,0.5640307580700883,0.01421389503261171,0.0100231661596841
5000,10,hgb,0.5699856859720769,0.013195333649479266,0.010119756384783535
5000,10,decision_tree,0.5021292156465326,0.010568314981151022,0.01043394030791193
5000,10,figs,0.4978721419660242,0.010115370144549045,0.08044120070991992
5000,10,greedy,0.49751155607794356,0.010100596174442329,0.01168483273210513
5000,11,logistic,0.6508203070629315,0.018307927986365612,0.010230770275815544
5000,11,catboost,0.6034914837133389,0.014389669852300942,0.009785509529681942
5000,11,hgb,0.6034454008846268,0.014489441915539577,0.009879842510081326
5000,11,decision_tree,0.5138848135366898,0.010229736086133149,0.010273731921802953
5000,11,figs,0.4986041850568638,0.009861909252136779,0.08044257635167927
5000,11,greedy,0.5032517221566076,0.009962323563716048,0.011624470607654853
5000,12,logistic,0.6565005531069886,0.01823319226387737,0.010004643456369602
5000,12,catboost,0.5576732937902708,0.012943007362562046,0.009576330020685721
5000,12,hgb,0.5649833708322185,0.011983186858684434,0.009659877726978107
5000,12,decision_tree,0.5092364706836152,0.009933887952319103,0.010053705791569136
5000,12,figs,0.5008092458866941,0.009692976924273787,0.08011195157936299
5000,12,greedy,0.50363676677784,0.009753561044431105,0.011152336479891205
5000,13,logistic,0.6426001471789158,0.017505235868124476,0.009388900557395281
5000,13,catboost,0.5757674464422502,0.012053352418899885,0.008988665068949405
5000,13,hgb,0.5665708359681317,0.011774025360989104,0.00905984753025986
5000,13,decision_tree,0.511672218288867,0.009427889861695859,0.009474621073258641
5000,13,figs,0.5026281376378153,0.009107677279309107,0.0800498801106679
5000,13,greedy,0.4986089199939532,0.009066969175764689,0.010786732916592292
5000,14,logistic,0.635066952229816,0.018610094091083426,0.010024358350329565
5000,14,catboost,0.5742131769412209,0.013704905923648607,0.009592241756454496
5000,14,hgb,0.5789201036279116,0.012838233032968601,0.009679803862062655
5000,14,decision_tree,0.49375685979120865,0.00955062226134793,0.010097826201521021
5000,14,figs,0.49856551501176005,0.009652758047354482,0.08025024321707973
5000,14,greedy,0.502615107630291,0.009764018815740329,0.011482044933241727
5000,15,logistic,0.6381017621874596,0.02284453773001083,0.010639026458127891
5000,15,catboost,0.5821971953267985,0.014237495972192699,0.010281585949299683
5000,15,hgb,0.5632541698047312,0.013410795564564064,0.010379775152341236
5000,15,decision_tree,0.501064654193379,0.010497175279318514,0.010771175562542779
5000,15,figs,0.5019462911339552,0.010420212720989197,0.08062335338597115
5000,15,greedy,0.49897788758293754,0.010428109833799014,0.011850723226440055
5000,16,logistic,0.6317968484848484,0.017014979460506556,0.010392059128446008
5000,16,catboost,0.5777125656565656,0.01368602165625461,0.009909440679627226
5000,16,hgb,0.5688775353535354,0.01364721697894716,0.009999812424040643
5000,16,decision_tree,0.4965490101010101,0.010238111849536498,0.01035143318848272
5000,16,figs,0.49768460606060605,0.009954585876251304,0.08033209796553796
5000,16,greedy,0.5032113535353535,0.010158388162530159,0.011656365883302456
5000,17,logistic,0.6387435386579037,0.018452867306056976,0.010089767568572234
5000,17,catboost,0.5718072257877974,0.015011246349129186,0.009645077388302952
5000,17,hgb,0.5758532459336692,0.013124815272112464,0.009740397676681816
5000,17,decision_tree,0.48004033620108727,0.009443448930775087,0.010149165633787283
5000,17,figs,0.5014367454406329,0.00978355107004021,0.08017730415850567
5000,17,greedy,0.5006939251554494,0.009741676833744157,0.011161312911932385
5000,18,logistic,0.629579924558814,0.017825432018389435,0.010986687212056211
5000,18,catboost,0.57893913215938,0.014091749044009337,0.010501236035706891
5000,18,hgb,0.5674800050344977,0.013094169493254735,0.010599922641856992
5000,18,decision_tree,0.5066493510456118,0.011218025301917105,0.010933019447935203
5000,18,figs,0.49210337120648684,0.010447020920122839,0.08069863532718155
5000,18,greedy,0.5029498152110484,0.010675377782205162,0.012253301949381169
5000,19,logistic,0.6364336469852968,0.01749472715238727,0.01099318863471167
5000,19,catboost,0.5613598401188103,0.013567468707334092,0.010426501754502805
5000,19,hgb,0.5624444440687131,0.01255761901004448,0.010519882308105464
5000,19,decision_tree,0.49556032888035356,0.010450048926866715,0.010892601093534078
5000,19,figs,0.5037911375195575,0.010665146252935187,0.08025633527449327
5000,19,greedy,0.501691136766387,0.010682209579400798,0.011877683845638852
5000,20,logistic,0.632322636900178,0.018448266467873155,0.010405898731437126
5000,20,catboost,0.5919814968804864,0.014885014888265595,0.009960732178222386
5000,20,hgb,0.6099884319354093,0.015616411820546388,0.010059690992587883
5000,20,decision_tree,0.5141788218503994,0.010656371329707662,0.010409896555558538
5000,20,figs,0.4955558886614049,0.009980075777657155,0.08037851915818078
5000,20,greedy,0.499280354802715,0.010041607592890483,0.011721016798922037
5000,21,logistic,0.6371396185645475,0.016160387268209564,0.010372852114180455
5000,21,catboost,0.5586839593933106,0.01202589085639081,0.009842197964350903
5000,21,hgb,0.572235344781523,0.012140263436873092,0.009919900353557323
5000,21,decision_tree,0.5109901513334862,0.010122040148207594,0.010320652547112064
5000,21,figs,0.4955383615139604,0.009833208787941897,0.08037870558805647
5000,21,greedy,0.5053448556454221,0.010108920101336412,0.011655149950934252
5000,22,logistic,0.6325623166135858,0.018481421957212155,0.010762436139590022
5000,22,catboost,0.5666724039927911,0.017611189052941775,0.01030277171400853
5000,22,hgb,0.5935440766879172,0.016513251419109184,0.010419429757041049
5000,22,decision_tree,0.5053688416020462,0.010747893726307883,0.010785290700437036
5000,22,figs,0.5010501168820181,0.010452680776415523,0.08051317849364165
5000,22,greedy,0.4990017285295117,0.010455014637380466,0.012069260000844297
5000,23,logistic,0.6309371460225777,0.0171158801875554,0.010365563749796802
5000,23,catboost,0.5715543682548058,0.013381733952317908,0.009871352131255185
5000,23,hgb,0.5649470736568349,0.012926162872147559,0.009959693205761075
5000,23,decision_tree,0.5147471831489832,0.010392936696917137,0.010341188404319983
5000,23,figs,0.49819243845407074,0.009935457320306018,0.08039807289699831
5000,23,greedy,0.5015828535750209,0.009986710990084484,0.011591154942675095
5000,24,logistic,0.6206726637530849,0.016503002809810968,0.009977993181471244
5000,24,catboost,0.575447462714633,0.012823741099877453,0.009457568804424419
5000,24,hgb,0.5675206459137997,0.012260464710261904,0.009539827786219942
5000,24,decision_tree,0.4990171857973706,0.009604376032732663,0.009929483045574776
5000,24,figs,0.49707274484536357,0.009495273443032224,0.08038955770083323
5000,24,greedy,0.49833836180812746,0.009545083049375099,0.011359835936760047
5000,25,logistic,0.637708511361195,0.019904111721258742,0.011080828850011392
5000,25,catboost,0.5846757841071208,0.01492384852306138,0.010613411750291698
5000,25,hgb,0.5615195454978866,0.015324052642626878,0.010717110029751054
5000,25,decision_tree,0.5009123362143673,0.010997314556808288,0.011050968371321239
5000,25,figs,0.49426410825542355,0.010611468808065011,0.08060593614829359
5000,25,greedy,0.504833984492868,0.010942157159267153,0.01240491631811618
5000,26,logistic,0.6234951625276681,0.018835985440765313,0.010418845346903299
5000,26,catboost,0.5686174921159153,0.013296600684361767,0.010010629462795365
5000,26,hgb,0.5635814398694137,0.013562808696783973,0.010099786625517797
5000,26,decision_tree,0.49870195909377785,0.01018223702673501,0.010463065451743083
5000,26,figs,0.4987664320528426,0.010120306447200127,0.08037762266234141
5000,26,greedy,0.5044155675290733,0.010307137593861291,0.011495237160263553
5000,27,logistic,0.6331182166940625,0.017857227984003195,0.010744225947668357
5000,27,catboost,0.5649337171708944,0.013733227132213744,0.010267819797356019
5000,27,hgb,0.5623324436529238,0.012912287995714412,0.01035983940509679
5000,27,decision_tree,0.4955625999642005,0.01063622507030598,0.01070098716648609
5000,27,figs,0.4980545166067174,0.01032045823342427,0.0804405075001565
5000,27,greedy,0.4981872625106529,0.010465795839535162,0.012100804610753298
5000,28,logistic,0.6440666844181642,0.019076055478724326,0.010222754746598868
5000,28,catboost,0.5707789132614908,0.012471830371697974,0.009816267491234628
5000,28,hgb,0.5816679266149016,0.01398668502601777,0.009899561401394946
5000,28,decision_tree,0.5044465664625244,0.010380357607057184,0.010228830069181504
5000,28,figs,0.49773570468853773,0.009855840102120796,0.0803870375621744
5000,28,greedy,0.5005881662805206,0.009992669172932333,0.011651444692883102
5000,29,logistic,0.6297802393940365,0.01876978216467949,0.010942678823106658
5000,29,catboost,0.5665956786888455,0.01284932853472282,0.010491018582754705
5000,29,hgb,0.5730242984003269,0.013969616340755062,0.010579685778626868
5000,29,decision_tree,0.5016185419431345,0.010717683467438248,0.010968242683480685
5000,29,figs,0.5002203272819244,0.010584670343749306,0.08054914657572063
5000,29,greedy,0.5010657558481018,0.01063676085729016,0.011952643302512583
5000,30,logistic,0.6513192587525651,0.019556429157492304,0.010779058727862917
5000,30,catboost,0.5888866908152478,0.014188990870609479,0.010303187967600103
5000,30,hgb,0.5739475545675021,0.013399926047316931,0.010399818372468821
5000,30,decision_tree,0.5019473874448107,0.010663562800982256,0.01075656968781515
5000,30,figs,0.5056458320378086,0.010555292230209255,0.08054103336478083
5000,30,greedy,0.49929468394378457,0.010419226666981312,0.011850480666197295
10000,1,logistic,0.7012795968263236,0.026780510088029306,0.009915028167909986
10000,1,catboost,0.5656166021774715,0.012580809222588057,0.009848481025065142
10000,1,hgb,0.6059147468695916,0.014785863698799702,0.009919041563793333
10000,1,decision_tree,0.4953190895620035,0.009823282673774896,0.010104133614757892
10000,1,figs,0.4920376261546802,0.009776629284716683,0.07969050573031085
10000,1,greedy,0.501002281340576,0.009962610052160875,0.010365413805281972
10000,2,logistic,0.7051204314089194,0.02524195006419167,0.010094477426684989
10000,2,catboost,0.5658890024141762,0.013966734947816313,0.009989851908231205
10000,2,hgb,0.6183295074670137,0.016894043008333477,0.010078768783890378
10000,2,decision_tree,0.5025619955500653,0.01058938925908741,0.010172619738417772
10000,2,figs,0.49558023046916083,0.010001984228994912,0.07978965572472063
10000,2,greedy,0.5006647963856627,0.01011929134043238,0.010744001362805912
10000,3,logistic,0.6866761487396824,0.02234439162495574,0.009717052878249756
10000,3,catboost,0.578044447666738,0.012688861756295307,0.009587193673591817
10000,3,hgb,0.6112791595800944,0.014402724715726982,0.009659141672405823
10000,3,decision_tree,0.5020300450174775,0.009744395125777957,0.009825197430874066
10000,3,figs,0.5024925249964346,0.009712875297411765,0.0795057595792203
10000,3,greedy,0.502230135238913,0.009759913184440945,0.010186322832902581
10000,4,logistic,0.6926932573453628,0.031563971500168035,0.010074984212799544
10000,4,catboost,0.5675865050756342,0.01363896443449612,0.010033858914077591
10000,4,hgb,0.5937895454569413,0.014808705412747085,0.010118964572236076
10000,4,decision_tree,0.5017457100641096,0.010401439203155425,0.010254955751024733
10000,4,figs,0.4978500208673036,0.01008930939118905,0.07979362935050971
10000,4,greedy,0.49888434195161757,0.010111477210983513,0.010627303147227565
10000,5,logistic,0.7073701647503445,0.02805435983234128,0.00970758975710091
10000,5,catboost,0.5779919500674124,0.013238397976313945,0.009641650844826436
10000,5,hgb,0.6111798034924154,0.015181469298777554,0.009719604480521232
10000,5,decision_tree,0.49931827071064905,0.009768260098743993,0.00988254231433188
10000,5,figs,0.49250785536650815,0.009586838831892834,0.0795324744590084
10000,5,greedy,0.5001770293674267,0.009725546810795346,0.010331260435819006
10000,6,logistic,0.6901805467732938,0.022600615636987828,0.00952551055740188
10000,6,catboost,0.5841060602035123,0.013715650685553945,0.009423987153139048
10000,6,hgb,0.5993059539307632,0.017438656082170427,0.0094982307645157
10000,6,decision_tree,0.49844512340922975,0.009575979095282502,0.009668982146258857
10000,6,figs,0.5022242248731369,0.009555026999985287,0.07939807535116467
10000,6,greedy,0.5009319269906214,0.00953850184808128,0.010030860104182415
10000,7,logistic,0.695741550662948,0.027877261295330295,0.009802294172886646
10000,7,catboost,0.5778982191680345,0.013880212282662775,0.009737804016486077
10000,7,hgb,0.6190700211720644,0.016082372701534734,0.00981896083840028
10000,7,decision_tree,0.4961178240793019,0.009798650504869586,0.00997850214777184
10000,7,figs,0.5010639099171789,0.009941495689223647,0.07950028697615943
10000,7,greedy,0.502059470435522,0.010137671340840102,0.010205941313188025
10000,8,logistic,0.6987221668212026,0.03126013527295161,0.010098746801449319
10000,8,catboost,0.5917416224430768,0.015689649324817943,0.010075954537907649
10000,8,hgb,0.6071956431676542,0.016579977571664753,0.010158741176737303
10000,8,decision_tree,0.49719808768903084,0.010103654193661247,0.010321172719831488
10000,8,figs,0.5000812785459322,0.010196212850128264,0.0797449002121738
10000,8,greedy,0.5002245650454284,0.010390465336569772,0.010624968394290023
10000,9,logistic,0.6949022381229719,0.025994224173674196,0.01021091989244317
10000,9,catboost,0.5670377061715776,0.013947011457373985,0.010112196257527729
10000,9,hgb,0.6013393476202362,0.014889449187221543,0.010199217456233488
10000,9,decision_tree,0.4949904714360992,0.010141961920110095,0.010365701205802639
10000,9,figs,0.4981394736112267,0.010178205461944196,0.07975073085369211
10000,9,greedy,0.5015807709222303,0.01026850535782619,0.010765777897557994
10000,10,logistic,0.7007820264248408,0.024076869388734334,0.010477938390631839
10000,10,catboost,0.5601438791093962,0.014000073356017531,0.010354431139685469
10000,10,hgb,0.6144223083629102,0.016701250808778222,0.01043891051339372
10000,10,decision_tree,0.5069669301530971,0.010704194694957175,0.010548927500299057
10000,10,figs,0.4983260875726493,0.010415840388601964,0.07990246299779154
10000,10,greedy,0.5036751114586473,0.010689793831308369,0.010805514272854698
10000,11,logistic,0.7186815353535353,0.025254874632753777,0.01004492083073822
10000,11,catboost,0.5536969292929292,0.011975806262978894,0.009928887783267849
10000,11,hgb,0.6025465050505051,0.014679758178248292,0.009999288610078856
10000,11,decision_tree,0.4960305858585859,0.010035687226815169,0.010172725529787218
10000,11,figs,0.5040866464646465,0.01011939638561548,0.07963546717198812
10000,11,greedy,0.4988000808080808,0.010404444444444445,0.010408764231382874
10000,12,logistic,0.6952281942289613,0.029797635385044617,0.009205159463516181
10000,12,catboost,0.5904987626797147,0.01347822597794113,0.009166832354247778
10000,12,hgb,0.6134156226913302,0.01545654192687378,0.009238742244620122
10000,12,decision_tree,0.5092457554557357,0.009524746955746835,0.009384398630834135
10000,12,figs,0.4991240709174416,0.009328887664224359,0.0793929395366016
10000,12,greedy,0.5001537365429731,0.009397719719185996,0.009882835130027799
10000,13,logistic,0.6786272397577868,0.024490361880090024,0.009989111770981609
10000,13,catboost,0.5630680371682681,0.01280100558697834,0.009885817537895233
10000,13,hgb,0.6101240645990694,0.014524354155031803,0.009959207948586879
10000,13,decision_tree,0.49558131114413617,0.009927371044215075,0.010120956707195171
10000,13,figs,0.4945565259705542,0.009865808563977337,0.0796118972886974
10000,13,greedy,0.49998470712067294,0.010019050970236086,0.010398539072132867
10000,14,logistic,0.707672741653204,0.027988563770012843,0.00957098704218028
10000,14,catboost,0.5999436254711901,0.014633829158228662,0.009509242499138813
10000,14,hgb,0.619015170638126,0.01698073974671283,0.00959872246136092
10000,14,decision_tree,0.5048228830102316,0.009692167991615581,0.009772762491074337
10000,14,figs,0.5032742662897146,0.009747071811596305,0.07952768343164125
10000,14,greedy,0.49998708434302647,0.009637491600139356,0.010131560250180489
10000,15,logistic,0.7120556925395514,0.0335297439014564,0.009940831697110974
10000,15,catboost,0.5843713915601081,0.013319834397451172,0.009963051419505046
10000,15,hgb,0.6260094777864581,0.017469512551010254,0.010038939078316505
10000,15,decision_tree,0.4979207176305083,0.010105593509268523,0.010181200299531642
10000,15,figs,0.4949132920014958,0.009947477348408559,0.07969556393976578
10000,15,greedy,0.5007970662905773,0.01004882675167064,0.010575468515124503
10000,16,logistic,0.7095831630129615,0.025486657455936493,0.009993651389238108
10000,16,catboost,0.5667195079842722,0.013169906407181216,0.00989810769085768
10000,16,hgb,0.6219639132814021,0.01671343277338417,0.009978815579935798
10000,16,decision_tree,0.505148860578473,0.010176726305336881,0.010128344283295464
10000,16,figs,0.4997299704356087,0.009984970956403232,0.07972962355515006
10000,16,greedy,0.5007262054461845,0.01005129173114208,0.010611358984515665
10000,17,logistic,0.6921613165386566,0.02920049061559022,0.010106731234977847
10000,17,catboost,0.5763181859319775,0.013768182466442904,0.010056941392054423
10000,17,hgb,0.6110262200727209,0.016621747420251572,0.010138840696790207
10000,17,decision_tree,0.504360726643909,0.010228473259767347,0.010293334760017746
10000,17,figs,0.5011035768571023,0.010196761536164427,0.07972333264911559
10000,17,greedy,0.49974552614397566,0.010139071136836611,0.010629334909897278
10000,18,logistic,0.7105118023648332,0.02826929946884367,0.010101723375599296
10000,18,catboost,0.5815720706194913,0.014206444798437318,0.010033182333827937
10000,18,hgb,0.6102117859616792,0.015168664951846544,0.010119284646019898
10000,18,decision_tree,0.49927727096237645,0.010099813387516268,0.010269069583884401
10000,18,figs,0.4956969671414637,0.010071794914921649,0.07979633459796252
10000,18,greedy,0.4999253912040442,0.01011140940775147,0.010697060919149381
10000,19,logistic,0.7163565271433519,0.03367287599520095,0.010321161024152084
10000,19,catboost,0.5812764398506526,0.014714646673154606,0.010329120211943009
10000,19,hgb,0.6180077792556209,0.017628023159994115,0.010418713530833552
10000,19,decision_tree,0.5025159086665782,0.010485676135655769,0.010570223994806838
10000,19,figs,0.49753820607272886,0.010382382636301004,0.07998066470145031
10000,19,greedy,0.5005651208044639,0.010449922074303373,0.01093965410471061
10000,20,logistic,0.6775383068933077,0.025763457397138954,0.009382507404773926
10000,20,catboost,0.556982400522357,0.011645365099849753,0.009335693910942282
10000,20,hgb,0.5920614199002538,0.013152893823076273,0.009399978706638558
10000,20,decision_tree,0.5011529655356092,0.009477955699550723,0.009574741147712684
10000,20,figs,0.49948851115378173,0.009400956213853378,0.07948073294695476
10000,20,greedy,0.5000859569313246,0.009560653133274494,0.009932109141516085
10000,21,logistic,0.6942238907762998,0.024088854391297272,0.00948754335700974
10000,21,catboost,0.592351979536137,0.012948481289558188,0.009384011383277822
10000,21,hgb,0.5834047168668031,0.014025810033211945,0.00945895701399233
10000,21,decision_tree,0.5035336396475564,0.009669959831115368,0.009612660445609527
10000,21,figs,0.5037143555626075,0.009564380200686807,0.079504947192664
10000,21,greedy,0.4989691060946064,0.009520360565476844,0.01010212048955288
10000,22,logistic,0.7065679128200308,0.026390927565204805,0.009937555769757966
10000,22,catboost,0.5835522193216264,0.014019810186589729,0.009852395822046636
10000,22,hgb,0.6215525583860921,0.018065533287163392,0.009937996200920993
10000,22,decision_tree,0.5032620220850383,0.010048930208533882,0.010079229478114404
10000,22,figs,0.5006100274556049,0.00998647222493919,0.07962399010642891
10000,22,greedy,0.49988523753067254,0.009953665375379813,0.010528548254209302
10000,23,logistic,0.7073147992787935,0.02614158214080646,0.010029116176152032
10000,23,catboost,0.5869842165806773,0.014551656359036946,0.009930806921058645
10000,23,hgb,0.6103900806641429,0.015822861354916024,0.010019088588389709
10000,23,decision_tree,0.5080446997074357,0.010422237328205417,0.010152745836534137
10000,23,figs,0.4998015040849027,0.010025607763952187,0.07983145543277755
10000,23,greedy,0.5016647849374888,0.010096629104909325,0.010790205639145916
10000,24,logistic,0.6833223641084164,0.021304764211679598,0.009893961296911868
10000,24,catboost,0.5618281092631063,0.012294030809957604,0.009755519646998284
10000,24,hgb,0.5837378864934306,0.015140859602408121,0.009818628707590529
10000,24,decision_tree,0.500107203450717,0.00984960758475956,0.009969963668508261
10000,24,figs,0.49644638661225526,0.009759215482072644,0.07983687521544118
10000,24,greedy,0.49887273884947336,0.009817199267174437,0.010488318032925303
10000,25,logistic,0.6901531388424187,0.025287688039643208,0.010037650162871389
10000,25,catboost,0.5596677914298073,0.012829930518190808,0.009948721467246116
10000,25,hgb,0.6024632284553098,0.015424204344828097,0.010019032930265775
10000,25,decision_tree,0.49806705907766674,0.010151121859154254,0.010178670843455341
10000,25,figs,0.4974057420624115,0.009961168865370428,0.07964815152016658
10000,25,greedy,0.4997494656941597,0.010041285393014873,0.01049817868376737
10000,26,logistic,0.6935390312703845,0.023050946180100507,0.009335535048532236
10000,26,catboost,0.5772381643912038,0.012401083951593877,0.009229011358285102
10000,26,hgb,0.6061389850339338,0.013804245158849463,0.009299393094506904
10000,26,decision_tree,0.49931782784194073,0.009277319540536877,0.009483036237724337
10000,26,figs,0.5026540808009108,0.009380312914972235,0.07950228874681943
10000,26,greedy,0.49797208664233283,0.009286982265046779,0.009873633383774423
10000,27,logistic,0.6889424375445514,0.024508171480394157,0.009305212266703054
10000,27,catboost,0.5780434675164839,0.011939828722483958,0.009207116572871788
10000,27,hgb,0.6270643293905374,0.015251251180336597,0.009281282419271791
10000,27,decision_tree,0.5048704347030094,0.009583725827859838,0.009414591330007134
10000,27,figs,0.5006375326826049,0.009283833058409722,0.07932518407275028
10000,27,greedy,0.5000588434812995,0.00930396775638155,0.009856134366613018
10000,28,logistic,0.6928857265369095,0.026737245750827213,0.011018888970315702
10000,28,catboost,0.5698181840563297,0.014114977983823326,0.01094759013158958
10000,28,hgb,0.6059135244402553,0.016202901957458514,0.011039306601275427
10000,28,decision_tree,0.5045629474030983,0.011152029598608306,0.011188590165358496
10000,28,figs,0.4993911405100719,0.011020733447422512,0.08028407184281937
10000,28,greedy,0.4996034664727578,0.011023043704806683,0.011606985161137577
10000,29,logistic,0.6907346538917734,0.027596282700995813,0.010726918677834547
10000,29,catboost,0.5662600533191215,0.014184005178481117,0.010687533530864749
10000,29,hgb,0.6023917421642035,0.016505349749254546,0.010778707466411094
10000,29,decision_tree,0.49626935695179936,0.010734950306259509,0.010943522672260387
10000,29,figs,0.5021812879388978,0.010827961022263166,0.07994430085405338
10000,29,greedy,0.5018252232161027,0.011150905755963059,0.011218085634621486
10000,30,logistic,0.6732161503699268,0.026092019761840238,0.011040540535059611
10000,30,catboost,0.5577504560292166,0.014513296333886653,0.010965356091735266
10000,30,hgb,0.5850566579205068,0.015614799569844424,0.01105881122849233
10000,30,decision_tree,0.5040072862276306,0.01122283798290545,0.011186481380508683
10000,30,figs,0.5009362866138553,0.011112862073829357,0.08014090062528141
10000,30,greedy,0.5014918707962506,0.011091839033435174,0.011516996902551157
